base_stop_addition_canonical_route_id,variant_stop_addition_canonical_route_id,added_stop_uetds_yer_id,added_stop_index,base_stop_count,variant_stop_count,base_stop_list,variant_stop_list,added_stop_name,base_route_names,variant_route_names,base_historical_trip_rows,base_historical_company_count,base_first_trip_date,base_last_trip_date,base_total_passenger_count,variant_historical_trip_rows,variant_historical_company_count,variant_first_trip_date,variant_last_trip_date,variant_total_passenger_count
5313055085062003488,1507430287801352,151,5,10,11,"[186, 17476, 125, 12616, 50, 147, 36, 9, 1645, 3003]","[186, 17476, 125, 12616, 50, 151, 147, 36, 9, 1645, 3003]",MANİSA KULA TERMİNALİ,ANKARA YENİMAHALLE TERMİNALİ (ÖZEL) -> POLATLI İZNLİ  NOKTA -> AFYONKARAHİSAR MERKEZ TERMİNALİ (ÖZEL) -> UŞAK-BANAZ -> UŞAK MERKEZ TERMİNALİ -> MANİSA SALİHLİ TERMİNALİ -> MANİSA TURGUTLU TERMİNALİ (ÖZEL) -> İZMİR BORNOVA TERMİNALİ (ÖZEL) -> İZMİR BÜYÜKŞEHİR BELEDİYESİ   SELÇUK ŞEHİRLERARASI OTOBÜS TERMİNALİ -> AYDIN KUŞADASI TERMİNALİ,ANKARA YENİMAHALLE TERMİNALİ (ÖZEL) -> POLATLI İZNLİ  NOKTA -> AFYONKARAHİSAR MERKEZ TERMİNALİ (ÖZEL) -> UŞAK-BANAZ -> UŞAK MERKEZ TERMİNALİ -> MANİSA KULA TERMİNALİ -> MANİSA SALİHLİ TERMİNALİ -> MANİSA TURGUTLU TERMİNALİ (ÖZEL) -> İZMİR BORNOVA TERMİNALİ (ÖZEL) -> İZMİR BÜYÜKŞEHİR BELEDİYESİ   SELÇUK ŞEHİRLERARASI OTOBÜS TERMİNALİ -> AYDIN KUŞADASI TERMİNALİ,4520.0,1.0,2023-01-01,2026-04-14,224972.0,67.0,1.0,2025-07-04,2026-04-04,2603.0
1597378832032218205,36416462134826620,1420,2,6,7,"[19366, 17386, 60, 114, 98, 186]","[19366, 17386, 1420, 60, 114, 98, 186]",,KAHRAMANMARAŞ YOLCU TERMİNALİ -> GÖKSUN BELEDİYESİ -> KAYSERİ BÜYÜKŞEHİR ŞEHİRLERARASI VE İLÇELER OTOGARI -> KIRŞEHİR MERKEZ TERMİNALİ -> KIRIKKALE OTOBÜS TERMİNALİ -> ANKARA YENİMAHALLE TERMİNALİ (ÖZEL),KAHRAMANMARAŞ YOLCU TERMİNALİ -> GÖKSUN BELEDİYESİ -> 1420 -> KAYSERİ BÜYÜKŞEHİR ŞEHİRLERARASI VE İLÇELER OTOGARI -> KIRŞEHİR MERKEZ TERMİNALİ -> KIRIKKALE OTOBÜS TERMİNALİ -> ANKARA YENİMAHALLE TERMİNALİ (ÖZEL),1617.0,2.0,2023-11-01,2026-04-14,26547.0,3194.0,1.0,2023-01-01,2026-04-14,99791.0
11069592257458297270,89892670438909777,711,2,3,4,"[116, 1719, 720]","[116, 1719, 711, 720]",SOFYA,BÜYÜK İSTANBUL OTOGARI -> KAPIKULE SINIR KAPISI -> PLOVDIV,BÜYÜK İSTANBUL OTOGARI -> KAPIKULE SINIR KAPISI -> SOFYA -> PLOVDIV,,,,,,173.0,1.0,2025-04-24,2025-07-14,3199.0
2487974161595720763,110517739375730714,1346,3,16,17,"[77, 4876, 1395, 80, 1448, 102, 44, 63, 186, 22, 113, 1051, 90, 123, 67, 75]","[77, 4876, 1395, 1346, 80, 1448, 102, 44, 63, 186, 22, 113, 1051, 90, 123, 67, 75]",NİZİP OTOBÜS TERMİNALI,ŞANLIURFA KARAKÖPRÜ TERMİNALİ (ÖZEL) -> ŞANLIURFA-SURUÇ -> ŞANLIURFA BİRECİK IZINLI NOKTA -> GAZİANTEP ŞEHİTKAMİL TERMİNALİ (ÖZEL) -> DÜZİÇİ BELEDİYESİ OTOGARI -> OSMANİYE MERKEZ TERMİNALİ -> ADANA SEYHAN TERMİNALİ -> AKSARAY MERKEZ TERMİNALİ -> ANKARA YENİMAHALLE TERMİNALİ (ÖZEL) -> ESKİŞEHİR TEPEBAŞI TERMİNALİ -> BİLECİK BOZÜYÜK TERMİNALİ -> İNEGÖL ŞEHİRLER ARASI OTOBÜS TERMİNALİ -> BURSA OSMANGAZİ TERMİNALİ -> BURSA GEMLİK TERMİNALİ -> BURSA ORHANGAZİ TERMİNALİ -> YALOVA MERKEZ TERMİNALİ (ÖZEL),ŞANLIURFA KARAKÖPRÜ TERMİNALİ (ÖZEL) -> ŞANLIURFA-SURUÇ -> ŞANLIURFA BİRECİK IZINLI NOKTA -> NİZİP OTOBÜS TERMİNALI -> GAZİANTEP ŞEHİTKAMİL TERMİNALİ (ÖZEL) -> DÜZİÇİ BELEDİYESİ OTOGARI -> OSMANİYE MERKEZ TERMİNALİ -> ADANA SEYHAN TERMİNALİ -> AKSARAY MERKEZ TERMİNALİ -> ANKARA YENİMAHALLE TERMİNALİ (ÖZEL) -> ESKİŞEHİR TEPEBAŞI TERMİNALİ -> BİLECİK BOZÜYÜK TERMİNALİ -> İNEGÖL ŞEHİRLER ARASI OTOBÜS TERMİNALİ -> BURSA OSMANGAZİ TERMİNALİ -> BURSA GEMLİK TERMİNALİ -> BURSA ORHANGAZİ TERMİNALİ -> YALOVA MERKEZ TERMİNALİ (ÖZEL),325.0,1.0,2025-06-16,2026-02-09,11460.0,,,,,
6594137943900167079,120759419049292698,9565,19,21,22,"[9, 184, 122, 136, 13758, 3004, 90, 123, 67, 75, 23, 7037, 94, 18856, 69, 2159, 19216, 19217, 19246, 178, 20479]","[9, 184, 122, 136, 13758, 3004, 90, 123, 67, 75, 23, 7037, 94, 18856, 69, 2159, 19216, 19217, 19246, 9565, 178, 20479]",GÖKÇEBEY BELEDİYE BAŞKANLIĞI,İZMİR BORNOVA TERMİNALİ (ÖZEL) -> MANİSA ŞEHZADELER TERMİNALİ -> MANİSA AKHİSAR TERMİNALİ -> BALIKESİR MERKEZ TERMİNALİ -> SUSURLUK ŞEHİRLERARASI OTOBÜS TERMİNALİ -> MUSTAFAKEMALPAŞA ŞEHİRLERARASI OTOBÜS TERMİNALİ -> BURSA OSMANGAZİ TERMİNALİ -> BURSA GEMLİK TERMİNALİ -> BURSA ORHANGAZİ TERMİNALİ -> YALOVA MERKEZ TERMİNALİ (ÖZEL) -> KOCAELİ MERKEZ TERMİNALİ -> SAKARYA BÜYÜKŞEHİR BELEDİYESİ ARİFİYE TERMİNALİ -> KOCAELİ GEBZE TERMİNALİ -> DÜZCE ULAŞIM HİZMETLERİ A.Ş. (DÜZCE ŞEHİRLERARASI OTOBÜS TERMİNALİ) -> BOLU MERKEZ TERMİNALİ (ÖZEL) -> BOLU YENİÇAĞA TERMİNALİ (ÖZEL) -> MENGEN ŞEHİR TERMİNALİ -> DEVREK BELEDİYESİ TERMİNAL İŞLETMESİ -> ÇAYCUMA ŞEHİRLERARASI OTOBÜS TERMİNALİ -> BARTIN MERKEZ TERMİNALİ -> KOZCAĞIZ İZİNLİ NOKTA,İZMİR BORNOVA TERMİNALİ (ÖZEL) -> MANİSA ŞEHZADELER TERMİNALİ -> MANİSA AKHİSAR TERMİNALİ -> BALIKESİR MERKEZ TERMİNALİ -> SUSURLUK ŞEHİRLERARASI OTOBÜS TERMİNALİ -> MUSTAFAKEMALPAŞA ŞEHİRLERARASI OTOBÜS TERMİNALİ -> BURSA OSMANGAZİ TERMİNALİ -> BURSA GEMLİK TERMİNALİ -> BURSA ORHANGAZİ TERMİNALİ -> YALOVA MERKEZ TERMİNALİ (ÖZEL) -> KOCAELİ MERKEZ TERMİNALİ -> SAKARYA BÜYÜKŞEHİR BELEDİYESİ ARİFİYE TERMİNALİ -> KOCAELİ GEBZE TERMİNALİ -> DÜZCE ULAŞIM HİZMETLERİ A.Ş. (DÜZCE ŞEHİRLERARASI OTOBÜS TERMİNALİ) -> BOLU MERKEZ TERMİNALİ (ÖZEL) -> BOLU YENİÇAĞA TERMİNALİ (ÖZEL) -> MENGEN ŞEHİR TERMİNALİ -> DEVREK BELEDİYESİ TERMİNAL İŞLETMESİ -> ÇAYCUMA ŞEHİRLERARASI OTOBÜS TERMİNALİ -> GÖKÇEBEY BELEDİYE BAŞKANLIĞI -> BARTIN MERKEZ TERMİNALİ -> KOZCAĞIZ İZİNLİ NOKTA,,,,,,1.0,1.0,2026-03-22,2026-03-22,63.0
7435725302529821771,202369679689151970,51,1,5,6,"[186, 105, 82, 195, 3001]","[186, 51, 105, 82, 195, 3001]",ANKARA ÇANKAYA TERMİNALİ (ÖZEL),ANKARA YENİMAHALLE TERMİNALİ (ÖZEL) -> KONYA SELÇUKLU TERMİNALİ -> KONYA SEYDİŞEHİR TERMİNALİ (ÖZEL) -> ANTALYA MANAVGAT TERMİNALİ (ÖZEL) -> ALANYA İLÇESİ ŞEHİRLERARASI OTOBÜS TERMİNALİ,ANKARA YENİMAHALLE TERMİNALİ (ÖZEL) -> ANKARA ÇANKAYA TERMİNALİ (ÖZEL) -> KONYA SELÇUKLU TERMİNALİ -> KONYA SEYDİŞEHİR TERMİNALİ (ÖZEL) -> ANTALYA MANAVGAT TERMİNALİ (ÖZEL) -> ALANYA İLÇESİ ŞEHİRLERARASI OTOBÜS TERMİNALİ,,,,,,264.0,1.0,2024-09-17,2025-09-28,8049.0
15862680042361233652,217887901359526522,754,2,3,4,"[116, 1712, 745]","[116, 1712, 754, 745]",MEDGIDIA,BÜYÜK İSTANBUL OTOGARI -> DEREKÖY SINIR KAPISI -> CONSTANTA,BÜYÜK İSTANBUL OTOGARI -> DEREKÖY SINIR KAPISI -> MEDGIDIA -> CONSTANTA,343.0,1.0,2024-08-20,2026-04-14,5224.0,,,,,
3783027302799674920,250363401439166621,15016,2,9,10,"[116, 78, 94, 90, 9, 1645, 3003, 121, 145]","[116, 78, 15016, 94, 90, 9, 1645, 3003, 121, 145]",DUDULLU İZİNLİ NOKTA,BÜYÜK İSTANBUL OTOGARI -> İSTANBUL EYÜP-ALİBEYKÖY YOLCU TERMALİ  (ÖZEL) -> KOCAELİ GEBZE TERMİNALİ -> BURSA OSMANGAZİ TERMİNALİ -> İZMİR BORNOVA TERMİNALİ (ÖZEL) -> İZMİR BÜYÜKŞEHİR BELEDİYESİ   SELÇUK ŞEHİRLERARASI OTOBÜS TERMİNALİ -> AYDIN KUŞADASI TERMİNALİ -> AYDIN SÖKE TERMİNALİ -> AYDIN DİDİM TERMİNALİ,BÜYÜK İSTANBUL OTOGARI -> İSTANBUL EYÜP-ALİBEYKÖY YOLCU TERMALİ  (ÖZEL) -> DUDULLU İZİNLİ NOKTA -> KOCAELİ GEBZE TERMİNALİ -> BURSA OSMANGAZİ TERMİNALİ -> İZMİR BORNOVA TERMİNALİ (ÖZEL) -> İZMİR BÜYÜKŞEHİR BELEDİYESİ   SELÇUK ŞEHİRLERARASI OTOBÜS TERMİNALİ -> AYDIN KUŞADASI TERMİNALİ -> AYDIN SÖKE TERMİNALİ -> AYDIN DİDİM TERMİNALİ,,,,,,8456.0,1.0,2023-01-01,2026-04-14,441896.0
2343046103894513385,307835421741108654,78,2,5,6,"[155, 116, 206, 117, 103]","[155, 116, 78, 206, 117, 103]",İSTANBUL EYÜP-ALİBEYKÖY YOLCU TERMALİ  (ÖZEL),İSTANBUL ÜSKÜDAR TERMİNALİ -> BÜYÜK İSTANBUL OTOGARI -> TEKİRDAĞ SÜLEYMANPAŞA TERMİNALİ -> TEKİRDAĞ MALKARA TERMİNALİ -> EDİRNE KEŞAN TERMİNALİ,İSTANBUL ÜSKÜDAR TERMİNALİ -> BÜYÜK İSTANBUL OTOGARI -> İSTANBUL EYÜP-ALİBEYKÖY YOLCU TERMALİ  (ÖZEL) -> TEKİRDAĞ SÜLEYMANPAŞA TERMİNALİ -> TEKİRDAĞ MALKARA TERMİNALİ -> EDİRNE KEŞAN TERMİNALİ,1428.0,1.0,2023-04-20,2025-04-25,7087.0,,,,,
264506078323937940,315795224765789922,50,3,4,5,"[9, 36, 147, 186]","[9, 36, 147, 50, 186]",UŞAK MERKEZ TERMİNALİ,İZMİR BORNOVA TERMİNALİ (ÖZEL) -> MANİSA TURGUTLU TERMİNALİ (ÖZEL) -> MANİSA SALİHLİ TERMİNALİ -> ANKARA YENİMAHALLE TERMİNALİ (ÖZEL),İZMİR BORNOVA TERMİNALİ (ÖZEL) -> MANİSA TURGUTLU TERMİNALİ (ÖZEL) -> MANİSA SALİHLİ TERMİNALİ -> UŞAK MERKEZ TERMİNALİ -> ANKARA YENİMAHALLE TERMİNALİ (ÖZEL),3445.0,1.0,2023-05-29,2025-09-01,106803.0,170.0,1.0,2024-03-29,2024-09-06,5819.0
6745399484169872453,397405911366439210,17476,1,8,9,"[186, 22, 113, 1051, 90, 3004, 13758, 136]","[186, 17476, 22, 113, 1051, 90, 3004, 13758, 136]",POLATLI İZNLİ  NOKTA,ANKARA YENİMAHALLE TERMİNALİ (ÖZEL) -> ESKİŞEHİR TEPEBAŞI TERMİNALİ -> BİLECİK BOZÜYÜK TERMİNALİ -> İNEGÖL ŞEHİRLER ARASI OTOBÜS TERMİNALİ -> BURSA OSMANGAZİ TERMİNALİ -> MUSTAFAKEMALPAŞA ŞEHİRLERARASI OTOBÜS TERMİNALİ -> SUSURLUK ŞEHİRLERARASI OTOBÜS TERMİNALİ -> BALIKESİR MERKEZ TERMİNALİ,ANKARA YENİMAHALLE TERMİNALİ (ÖZEL) -> POLATLI İZNLİ  NOKTA -> ESKİŞEHİR TEPEBAŞI TERMİNALİ -> BİLECİK BOZÜYÜK TERMİNALİ -> İNEGÖL ŞEHİRLER ARASI OTOBÜS TERMİNALİ -> BURSA OSMANGAZİ TERMİNALİ -> MUSTAFAKEMALPAŞA ŞEHİRLERARASI OTOBÜS TERMİNALİ -> SUSURLUK ŞEHİRLERARASI OTOBÜS TERMİNALİ -> BALIKESİR MERKEZ TERMİNALİ,790.0,1.0,2025-03-28,2026-04-14,34153.0,22.0,1.0,2026-03-13,2026-03-23,994.0
2393144295981362221,400886783161657909,2472,1,2,3,"[23208, 68]","[23208, 2472, 68]",BİTLİS MERKEZ İZİNLİ NOKTA,MUŞ BELEDİYE BAŞKANLIĞI -> DİYARBAKIR / TERMİNALİ,MUŞ BELEDİYE BAŞKANLIĞI -> BİTLİS MERKEZ İZİNLİ NOKTA -> DİYARBAKIR / TERMİNALİ,,,,,,994.0,1.0,2024-07-10,2026-04-14,9962.0
1719528416864298692,513456558530284855,15016,2,7,8,"[116, 78, 94, 90, 1013, 241, 1297]","[116, 78, 15016, 94, 90, 1013, 241, 1297]",DUDULLU İZİNLİ NOKTA,BÜYÜK İSTANBUL OTOGARI -> İSTANBUL EYÜP-ALİBEYKÖY YOLCU TERMALİ  (ÖZEL) -> KOCAELİ GEBZE TERMİNALİ -> BURSA OSMANGAZİ TERMİNALİ -> KARACABEY ŞEHİRLER ARASI OTOBÜS TERMİNALİ -> BALIKESİR BANDIRMA ŞEHİRLERARASI OTOBÜS TERMİNALİ  -> ERDEK ŞEHİRLERARASI OTOBÜS TERMİNALİ,BÜYÜK İSTANBUL OTOGARI -> İSTANBUL EYÜP-ALİBEYKÖY YOLCU TERMALİ  (ÖZEL) -> DUDULLU İZİNLİ NOKTA -> KOCAELİ GEBZE TERMİNALİ -> BURSA OSMANGAZİ TERMİNALİ -> KARACABEY ŞEHİRLER ARASI OTOBÜS TERMİNALİ -> BALIKESİR BANDIRMA ŞEHİRLERARASI OTOBÜS TERMİNALİ  -> ERDEK ŞEHİRLERARASI OTOBÜS TERMİNALİ,,,,,,3112.0,1.0,2023-01-02,2026-04-14,133240.0
12187778840568953514,530447939719266637,12857,2,4,5,"[116, 1719, 647, 645]","[116, 1719, 12857, 647, 645]",PEJE,BÜYÜK İSTANBUL OTOGARI -> KAPIKULE SINIR KAPISI -> PRIZREN -> PIRIŞTINE,BÜYÜK İSTANBUL OTOGARI -> KAPIKULE SINIR KAPISI -> PEJE -> PRIZREN -> PIRIŞTINE,,,,,,497.0,1.0,2024-07-30,2026-04-14,6950.0
12915921742849255611,644280469896704037,18856,6,11,12,"[19366, 17386, 60, 114, 98, 186, 7037, 23, 94, 155, 116]","[19366, 17386, 60, 114, 98, 186, 18856, 7037, 23, 94, 155, 116]",DÜZCE ULAŞIM HİZMETLERİ A.Ş. (DÜZCE ŞEHİRLERARASI OTOBÜS TERMİNALİ),KAHRAMANMARAŞ YOLCU TERMİNALİ -> GÖKSUN BELEDİYESİ -> KAYSERİ BÜYÜKŞEHİR ŞEHİRLERARASI VE İLÇELER OTOGARI -> KIRŞEHİR MERKEZ TERMİNALİ -> KIRIKKALE OTOBÜS TERMİNALİ -> ANKARA YENİMAHALLE TERMİNALİ (ÖZEL) -> SAKARYA BÜYÜKŞEHİR BELEDİYESİ ARİFİYE TERMİNALİ -> KOCAELİ MERKEZ TERMİNALİ -> KOCAELİ GEBZE TERMİNALİ -> İSTANBUL ÜSKÜDAR TERMİNALİ -> BÜYÜK İSTANBUL OTOGARI,KAHRAMANMARAŞ YOLCU TERMİNALİ -> GÖKSUN BELEDİYESİ -> KAYSERİ BÜYÜKŞEHİR ŞEHİRLERARASI VE İLÇELER OTOGARI -> KIRŞEHİR MERKEZ TERMİNALİ -> KIRIKKALE OTOBÜS TERMİNALİ -> ANKARA YENİMAHALLE TERMİNALİ (ÖZEL) -> DÜZCE ULAŞIM HİZMETLERİ A.Ş. (DÜZCE ŞEHİRLERARASI OTOBÜS TERMİNALİ) -> SAKARYA BÜYÜKŞEHİR BELEDİYESİ ARİFİYE TERMİNALİ -> KOCAELİ MERKEZ TERMİNALİ -> KOCAELİ GEBZE TERMİNALİ -> İSTANBUL ÜSKÜDAR TERMİNALİ -> BÜYÜK İSTANBUL OTOGARI,110.0,1.0,2025-03-26,2025-07-07,2902.0,1940.0,2.0,2024-06-03,2026-04-14,38430.0
2541780130927377389,721467368451090732,17386,1,4,5,"[60, 19366, 80, 77]","[60, 17386, 19366, 80, 77]",GÖKSUN BELEDİYESİ,KAYSERİ BÜYÜKŞEHİR ŞEHİRLERARASI VE İLÇELER OTOGARI -> KAHRAMANMARAŞ YOLCU TERMİNALİ -> GAZİANTEP ŞEHİTKAMİL TERMİNALİ (ÖZEL) -> ŞANLIURFA KARAKÖPRÜ TERMİNALİ (ÖZEL),KAYSERİ BÜYÜKŞEHİR ŞEHİRLERARASI VE İLÇELER OTOGARI -> GÖKSUN BELEDİYESİ -> KAHRAMANMARAŞ YOLCU TERMİNALİ -> GAZİANTEP ŞEHİTKAMİL TERMİNALİ (ÖZEL) -> ŞANLIURFA KARAKÖPRÜ TERMİNALİ (ÖZEL),3.0,1.0,2026-03-15,2026-03-15,51.0,56.0,1.0,2023-01-22,2026-04-11,1233.0
5137837646459625540,770485857760688028,184,4,10,11,"[116, 78, 94, 90, 9, 1645, 3003, 121, 168, 171]","[116, 78, 94, 90, 184, 9, 1645, 3003, 121, 168, 171]",MANİSA ŞEHZADELER TERMİNALİ,BÜYÜK İSTANBUL OTOGARI -> İSTANBUL EYÜP-ALİBEYKÖY YOLCU TERMALİ  (ÖZEL) -> KOCAELİ GEBZE TERMİNALİ -> BURSA OSMANGAZİ TERMİNALİ -> İZMİR BORNOVA TERMİNALİ (ÖZEL) -> İZMİR BÜYÜKŞEHİR BELEDİYESİ   SELÇUK ŞEHİRLERARASI OTOBÜS TERMİNALİ -> AYDIN KUŞADASI TERMİNALİ -> AYDIN SÖKE TERMİNALİ -> MUĞLA MİLAS TERMİNALİ -> MUĞLA BODRUM TERMİNALİ,BÜYÜK İSTANBUL OTOGARI -> İSTANBUL EYÜP-ALİBEYKÖY YOLCU TERMALİ  (ÖZEL) -> KOCAELİ GEBZE TERMİNALİ -> BURSA OSMANGAZİ TERMİNALİ -> MANİSA ŞEHZADELER TERMİNALİ -> İZMİR BORNOVA TERMİNALİ (ÖZEL) -> İZMİR BÜYÜKŞEHİR BELEDİYESİ   SELÇUK ŞEHİRLERARASI OTOBÜS TERMİNALİ -> AYDIN KUŞADASI TERMİNALİ -> AYDIN SÖKE TERMİNALİ -> MUĞLA MİLAS TERMİNALİ -> MUĞLA BODRUM TERMİNALİ,,,,,,,,,,
18119075685374897116,803415080956539992,186,1,3,4,"[116, 1721, 780]","[116, 186, 1721, 780]",ANKARA YENİMAHALLE TERMİNALİ (ÖZEL),BÜYÜK İSTANBUL OTOGARI -> GÜRBULAK SINIR KAPISI -> TAHRAN,BÜYÜK İSTANBUL OTOGARI -> ANKARA YENİMAHALLE TERMİNALİ (ÖZEL) -> GÜRBULAK SINIR KAPISI -> TAHRAN,,,,,,,,,,
11654195999754502498,901827803367874765,184,5,7,8,"[116, 78, 94, 90, 136, 9, 244]","[116, 78, 94, 90, 136, 184, 9, 244]",MANİSA ŞEHZADELER TERMİNALİ,BÜYÜK İSTANBUL OTOGARI -> İSTANBUL EYÜP-ALİBEYKÖY YOLCU TERMALİ  (ÖZEL) -> KOCAELİ GEBZE TERMİNALİ -> BURSA OSMANGAZİ TERMİNALİ -> BALIKESİR MERKEZ TERMİNALİ -> İZMİR BORNOVA TERMİNALİ (ÖZEL) -> İZMİR ÇEŞME TERMİNALİ,BÜYÜK İSTANBUL OTOGARI -> İSTANBUL EYÜP-ALİBEYKÖY YOLCU TERMALİ  (ÖZEL) -> KOCAELİ GEBZE TERMİNALİ -> BURSA OSMANGAZİ TERMİNALİ -> BALIKESİR MERKEZ TERMİNALİ -> MANİSA ŞEHZADELER TERMİNALİ -> İZMİR BORNOVA TERMİNALİ (ÖZEL) -> İZMİR ÇEŞME TERMİNALİ,4697.0,1.0,2023-01-01,2026-04-14,127727.0,,,,,
1429067413450275412,917025048846081842,33,1,2,3,"[1027, 186]","[1027, 33, 186]",TOKAT NİKSAR TERMİNALİ,AKKUŞ BELEDİYE BAŞKANLIĞI -> ANKARA YENİMAHALLE TERMİNALİ (ÖZEL),AKKUŞ BELEDİYE BAŞKANLIĞI -> TOKAT NİKSAR TERMİNALİ -> ANKARA YENİMAHALLE TERMİNALİ (ÖZEL),200.0,1.0,2024-02-08,2026-04-13,977.0,403.0,1.0,2023-01-02,2024-05-31,7673.0
9840595228617977645,1014080099656950471,102,1,3,4,"[80, 44, 115]","[80, 102, 44, 115]",OSMANİYE MERKEZ TERMİNALİ,GAZİANTEP ŞEHİTKAMİL TERMİNALİ (ÖZEL) -> ADANA SEYHAN TERMİNALİ -> MERSİN TOROSLAR TERMİNALİ,GAZİANTEP ŞEHİTKAMİL TERMİNALİ (ÖZEL) -> OSMANİYE MERKEZ TERMİNALİ -> ADANA SEYHAN TERMİNALİ -> MERSİN TOROSLAR TERMİNALİ,2664.0,1.0,2023-01-02,2026-04-14,62521.0,11386.0,1.0,2023-01-01,2026-04-14,334947.0
16611239048539553752,1130461373775890457,63,1,3,4,"[186, 6, 44]","[186, 63, 6, 44]",AKSARAY MERKEZ TERMİNALİ,ANKARA YENİMAHALLE TERMİNALİ (ÖZEL) -> NİĞDE MERKEZ TERMİNALİ (ÖZEL) -> ADANA SEYHAN TERMİNALİ,ANKARA YENİMAHALLE TERMİNALİ (ÖZEL) -> AKSARAY MERKEZ TERMİNALİ -> NİĞDE MERKEZ TERMİNALİ (ÖZEL) -> ADANA SEYHAN TERMİNALİ,12.0,1.0,2025-04-06,2026-03-22,467.0,643.0,1.0,2023-01-02,2026-03-23,25259.0
6501748668557481028,1130461373775890457,6,2,3,4,"[186, 63, 44]","[186, 63, 6, 44]",NİĞDE MERKEZ TERMİNALİ (ÖZEL),ANKARA YENİMAHALLE TERMİNALİ (ÖZEL) -> AKSARAY MERKEZ TERMİNALİ -> ADANA SEYHAN TERMİNALİ,ANKARA YENİMAHALLE TERMİNALİ (ÖZEL) -> AKSARAY MERKEZ TERMİNALİ -> NİĞDE MERKEZ TERMİNALİ (ÖZEL) -> ADANA SEYHAN TERMİNALİ,,,,,,643.0,1.0,2023-01-02,2026-03-23,25259.0
9444853231167717326,1183449836285383011,7037,3,7,8,"[60, 91, 186, 23, 94, 78, 116]","[60, 91, 186, 7037, 23, 94, 78, 116]",SAKARYA BÜYÜKŞEHİR BELEDİYESİ ARİFİYE TERMİNALİ,KAYSERİ BÜYÜKŞEHİR ŞEHİRLERARASI VE İLÇELER OTOGARI -> NEVŞEHİR MERKEZ TERMİNALİ (ÖZEL) -> ANKARA YENİMAHALLE TERMİNALİ (ÖZEL) -> KOCAELİ MERKEZ TERMİNALİ -> KOCAELİ GEBZE TERMİNALİ -> İSTANBUL EYÜP-ALİBEYKÖY YOLCU TERMALİ  (ÖZEL) -> BÜYÜK İSTANBUL OTOGARI,KAYSERİ BÜYÜKŞEHİR ŞEHİRLERARASI VE İLÇELER OTOGARI -> NEVŞEHİR MERKEZ TERMİNALİ (ÖZEL) -> ANKARA YENİMAHALLE TERMİNALİ (ÖZEL) -> SAKARYA BÜYÜKŞEHİR BELEDİYESİ ARİFİYE TERMİNALİ -> KOCAELİ MERKEZ TERMİNALİ -> KOCAELİ GEBZE TERMİNALİ -> İSTANBUL EYÜP-ALİBEYKÖY YOLCU TERMALİ  (ÖZEL) -> BÜYÜK İSTANBUL OTOGARI,485.0,1.0,2025-08-06,2026-03-23,12928.0,,,,,
18066545523523670442,1183449836285383011,23,4,7,8,"[60, 91, 186, 7037, 94, 78, 116]","[60, 91, 186, 7037, 23, 94, 78, 116]",KOCAELİ MERKEZ TERMİNALİ,KAYSERİ BÜYÜKŞEHİR ŞEHİRLERARASI VE İLÇELER OTOGARI -> NEVŞEHİR MERKEZ TERMİNALİ (ÖZEL) -> ANKARA YENİMAHALLE TERMİNALİ (ÖZEL) -> SAKARYA BÜYÜKŞEHİR BELEDİYESİ ARİFİYE TERMİNALİ -> KOCAELİ GEBZE TERMİNALİ -> İSTANBUL EYÜP-ALİBEYKÖY YOLCU TERMALİ  (ÖZEL) -> BÜYÜK İSTANBUL OTOGARI,KAYSERİ BÜYÜKŞEHİR ŞEHİRLERARASI VE İLÇELER OTOGARI -> NEVŞEHİR MERKEZ TERMİNALİ (ÖZEL) -> ANKARA YENİMAHALLE TERMİNALİ (ÖZEL) -> SAKARYA BÜYÜKŞEHİR BELEDİYESİ ARİFİYE TERMİNALİ -> KOCAELİ MERKEZ TERMİNALİ -> KOCAELİ GEBZE TERMİNALİ -> İSTANBUL EYÜP-ALİBEYKÖY YOLCU TERMALİ  (ÖZEL) -> BÜYÜK İSTANBUL OTOGARI,,,,,,,,,,
15260372871715283645,1282393141150796285,3133,2,5,6,"[78, 116, 206, 133, 17]","[78, 116, 3133, 206, 133, 17]",SİLİVRİ BELEDİYE BAŞKANLIĞI,İSTANBUL EYÜP-ALİBEYKÖY YOLCU TERMALİ  (ÖZEL) -> BÜYÜK İSTANBUL OTOGARI -> TEKİRDAĞ SÜLEYMANPAŞA TERMİNALİ -> ÇANAKKALE GELİBOLU TERMİNALİ -> ÇANAKKALE MERKEZ TERMİNALİ (ÖZEL),İSTANBUL EYÜP-ALİBEYKÖY YOLCU TERMALİ  (ÖZEL) -> BÜYÜK İSTANBUL OTOGARI -> SİLİVRİ BELEDİYE BAŞKANLIĞI -> TEKİRDAĞ SÜLEYMANPAŞA TERMİNALİ -> ÇANAKKALE GELİBOLU TERMİNALİ -> ÇANAKKALE MERKEZ TERMİNALİ (ÖZEL),706.0,1.0,2024-09-27,2026-04-14,27192.0,92.0,1.0,2025-08-07,2025-09-22,3073.0
9005392351062041543,1285801861642307279,1448,7,11,12,"[21109, 39, 77, 21709, 21349, 1346, 80, 102, 44, 6, 186]","[21109, 39, 77, 21709, 21349, 1346, 80, 1448, 102, 44, 6, 186]",DÜZİÇİ BELEDİYESİ OTOGARI,CEYLANPINAR İZİNLİ NOKTA -> ŞANLIURFA VİRANŞEHİR TERMİNALİ (ÖZEL) -> ŞANLIURFA KARAKÖPRÜ TERMİNALİ (ÖZEL) -> SURUÇ İZİNLİ NOKTA -> BİRECİK İZİNLİ NOKTA -> NİZİP OTOBÜS TERMİNALI -> GAZİANTEP ŞEHİTKAMİL TERMİNALİ (ÖZEL) -> OSMANİYE MERKEZ TERMİNALİ -> ADANA SEYHAN TERMİNALİ -> NİĞDE MERKEZ TERMİNALİ (ÖZEL) -> ANKARA YENİMAHALLE TERMİNALİ (ÖZEL),CEYLANPINAR İZİNLİ NOKTA -> ŞANLIURFA VİRANŞEHİR TERMİNALİ (ÖZEL) -> ŞANLIURFA KARAKÖPRÜ TERMİNALİ (ÖZEL) -> SURUÇ İZİNLİ NOKTA -> BİRECİK İZİNLİ NOKTA -> NİZİP OTOBÜS TERMİNALI -> GAZİANTEP ŞEHİTKAMİL TERMİNALİ (ÖZEL) -> DÜZİÇİ BELEDİYESİ OTOGARI -> OSMANİYE MERKEZ TERMİNALİ -> ADANA SEYHAN TERMİNALİ -> NİĞDE MERKEZ TERMİNALİ (ÖZEL) -> ANKARA YENİMAHALLE TERMİNALİ (ÖZEL),,,,,,630.0,1.0,2025-05-27,2026-04-14,31875.0
17093794300047784507,1373867889671958082,19726,3,4,5,"[186, 98, 114, 60]","[186, 98, 114, 19726, 60]",MUCUR,ANKARA YENİMAHALLE TERMİNALİ (ÖZEL) -> KIRIKKALE OTOBÜS TERMİNALİ -> KIRŞEHİR MERKEZ TERMİNALİ -> KAYSERİ BÜYÜKŞEHİR ŞEHİRLERARASI VE İLÇELER OTOGARI,ANKARA YENİMAHALLE TERMİNALİ (ÖZEL) -> KIRIKKALE OTOBÜS TERMİNALİ -> KIRŞEHİR MERKEZ TERMİNALİ -> MUCUR -> KAYSERİ BÜYÜKŞEHİR ŞEHİRLERARASI VE İLÇELER OTOGARI,117.0,1.0,2024-06-13,2025-10-25,3494.0,5830.0,1.0,2023-01-01,2026-04-14,182349.0
2099865145537902853,1521583626836055413,4816,4,9,10,"[167, 139, 223, 1014, 160, 26, 125, 18796, 22]","[167, 139, 223, 1014, 4816, 160, 26, 125, 18796, 22]",AFYONKARAHİSAR-DAZKIRI İZİNLİ NOKTA,MUĞLA MARMARİS TERMİNALİ -> MUĞLA MENTEŞE TERMİNALİ -> DENİZLİ TAVAS TERMİNALİ -> DENİZLİ BÜYÜKŞEHİR BELEDİYE BAŞKANLIĞI   -> AFYONKARAHİSAR DİNAR TERMİNALİ -> AFYONKARAHİSAR SANDIKLI TERMİNALİ -> AFYONKARAHİSAR MERKEZ TERMİNALİ (ÖZEL) -> KÜTAHYA ŞEHİRLERARASI OTOBÜS TERMİNALİ -> ESKİŞEHİR TEPEBAŞI TERMİNALİ,MUĞLA MARMARİS TERMİNALİ -> MUĞLA MENTEŞE TERMİNALİ -> DENİZLİ TAVAS TERMİNALİ -> DENİZLİ BÜYÜKŞEHİR BELEDİYE BAŞKANLIĞI   -> AFYONKARAHİSAR-DAZKIRI İZİNLİ NOKTA -> AFYONKARAHİSAR DİNAR TERMİNALİ -> AFYONKARAHİSAR SANDIKLI TERMİNALİ -> AFYONKARAHİSAR MERKEZ TERMİNALİ (ÖZEL) -> KÜTAHYA ŞEHİRLERARASI OTOBÜS TERMİNALİ -> ESKİŞEHİR TEPEBAŞI TERMİNALİ,,,,,,585.0,1.0,2024-08-28,2026-04-14,40495.0
14036005101064171498,1529898850201658245,187,6,7,8,"[9, 184, 36, 147, 149, 148, 57]","[9, 184, 36, 147, 149, 148, 187, 57]",DENİZLİ BULDAN TERMİNALİ,İZMİR BORNOVA TERMİNALİ (ÖZEL) -> MANİSA ŞEHZADELER TERMİNALİ -> MANİSA TURGUTLU TERMİNALİ (ÖZEL) -> MANİSA SALİHLİ TERMİNALİ -> MANİSA ALAŞEHİR TERMİNALİ -> MANİSA SARIGÖL TERMİNALİ -> DENİZLİ PAMUKKALE TERMİNALİ,İZMİR BORNOVA TERMİNALİ (ÖZEL) -> MANİSA ŞEHZADELER TERMİNALİ -> MANİSA TURGUTLU TERMİNALİ (ÖZEL) -> MANİSA SALİHLİ TERMİNALİ -> MANİSA ALAŞEHİR TERMİNALİ -> MANİSA SARIGÖL TERMİNALİ -> DENİZLİ BULDAN TERMİNALİ -> DENİZLİ PAMUKKALE TERMİNALİ,4109.0,1.0,2023-01-01,2025-09-11,97494.0,2267.0,1.0,2025-09-12,2026-04-14,54329.0
13209470046347293700,1597378832032218205,98,4,5,6,"[19366, 17386, 60, 114, 186]","[19366, 17386, 60, 114, 98, 186]",KIRIKKALE OTOBÜS TERMİNALİ,KAHRAMANMARAŞ YOLCU TERMİNALİ -> GÖKSUN BELEDİYESİ -> KAYSERİ BÜYÜKŞEHİR ŞEHİRLERARASI VE İLÇELER OTOGARI -> KIRŞEHİR MERKEZ TERMİNALİ -> ANKARA YENİMAHALLE TERMİNALİ (ÖZEL),KAHRAMANMARAŞ YOLCU TERMİNALİ -> GÖKSUN BELEDİYESİ -> KAYSERİ BÜYÜKŞEHİR ŞEHİRLERARASI VE İLÇELER OTOGARI -> KIRŞEHİR MERKEZ TERMİNALİ -> KIRIKKALE OTOBÜS TERMİNALİ -> ANKARA YENİMAHALLE TERMİNALİ (ÖZEL),205.0,1.0,2024-05-17,2025-04-01,6234.0,1617.0,2.0,2023-11-01,2026-04-14,26547.0
736340469195585644,1669013058218381697,18856,4,8,9,"[60, 114, 98, 186, 7037, 23, 94, 116]","[60, 114, 98, 186, 18856, 7037, 23, 94, 116]",DÜZCE ULAŞIM HİZMETLERİ A.Ş. (DÜZCE ŞEHİRLERARASI OTOBÜS TERMİNALİ),KAYSERİ BÜYÜKŞEHİR ŞEHİRLERARASI VE İLÇELER OTOGARI -> KIRŞEHİR MERKEZ TERMİNALİ -> KIRIKKALE OTOBÜS TERMİNALİ -> ANKARA YENİMAHALLE TERMİNALİ (ÖZEL) -> SAKARYA BÜYÜKŞEHİR BELEDİYESİ ARİFİYE TERMİNALİ -> KOCAELİ MERKEZ TERMİNALİ -> KOCAELİ GEBZE TERMİNALİ -> BÜYÜK İSTANBUL OTOGARI,KAYSERİ BÜYÜKŞEHİR ŞEHİRLERARASI VE İLÇELER OTOGARI -> KIRŞEHİR MERKEZ TERMİNALİ -> KIRIKKALE OTOBÜS TERMİNALİ -> ANKARA YENİMAHALLE TERMİNALİ (ÖZEL) -> DÜZCE ULAŞIM HİZMETLERİ A.Ş. (DÜZCE ŞEHİRLERARASI OTOBÜS TERMİNALİ) -> SAKARYA BÜYÜKŞEHİR BELEDİYESİ ARİFİYE TERMİNALİ -> KOCAELİ MERKEZ TERMİNALİ -> KOCAELİ GEBZE TERMİNALİ -> BÜYÜK İSTANBUL OTOGARI,3921.0,1.0,2023-01-01,2025-09-30,151940.0,4551.0,1.0,2023-01-01,2026-04-14,189295.0
14643531576501884331,1692403611630404701,14585,2,3,4,"[116, 1719, 806]","[116, 1719, 14585, 806]",Harkov,BÜYÜK İSTANBUL OTOGARI -> KAPIKULE SINIR KAPISI -> KIEV,BÜYÜK İSTANBUL OTOGARI -> KAPIKULE SINIR KAPISI -> Harkov -> KIEV,75.0,3.0,2024-03-26,2026-04-13,1092.0,11.0,1.0,2025-03-29,2025-10-01,66.0
6754326203094842062,1695271298749239500,16906,2,4,5,"[12, 1655, 202, 156]","[12, 1655, 16906, 202, 156]",ZİLE BELEDİYE BAŞKANLIĞI,TOKAT MERKEZ TERMİNALİ -> SAFİR OTOMOTİV TURİZ İNŞ. TEKS.AKAR. NAK.SAN.TİC.LTD. SAFİR OTOMOTİV -> YOZGAT SORGUN TERMİNALİ -> YOZGAT MERKEZ TERMİNALİ,TOKAT MERKEZ TERMİNALİ -> SAFİR OTOMOTİV TURİZ İNŞ. TEKS.AKAR. NAK.SAN.TİC.LTD. SAFİR OTOMOTİV -> ZİLE BELEDİYE BAŞKANLIĞI -> YOZGAT SORGUN TERMİNALİ -> YOZGAT MERKEZ TERMİNALİ,,,,,,640.0,2.0,2023-09-16,2025-09-28,5179.0
14410518292343079554,1732880430923606345,220,1,2,3,"[23361, 138]","[23361, 220, 138]",TEKİRDAĞ ÇERKEZKÖY TERMİNALİ,BÜYÜKÇEKMECE TERMİNALİ -> TEKİRDAĞ KAPAKLI TERMİNALİ,BÜYÜKÇEKMECE TERMİNALİ -> TEKİRDAĞ ÇERKEZKÖY TERMİNALİ -> TEKİRDAĞ KAPAKLI TERMİNALİ,,,,,,,,,,
6998733151884096591,1748024628227602953,145,6,8,9,"[116, 78, 94, 90, 9, 121, 168, 171]","[116, 78, 94, 90, 9, 121, 145, 168, 171]",AYDIN DİDİM TERMİNALİ,BÜYÜK İSTANBUL OTOGARI -> İSTANBUL EYÜP-ALİBEYKÖY YOLCU TERMALİ  (ÖZEL) -> KOCAELİ GEBZE TERMİNALİ -> BURSA OSMANGAZİ TERMİNALİ -> İZMİR BORNOVA TERMİNALİ (ÖZEL) -> AYDIN SÖKE TERMİNALİ -> MUĞLA MİLAS TERMİNALİ -> MUĞLA BODRUM TERMİNALİ,BÜYÜK İSTANBUL OTOGARI -> İSTANBUL EYÜP-ALİBEYKÖY YOLCU TERMALİ  (ÖZEL) -> KOCAELİ GEBZE TERMİNALİ -> BURSA OSMANGAZİ TERMİNALİ -> İZMİR BORNOVA TERMİNALİ (ÖZEL) -> AYDIN SÖKE TERMİNALİ -> AYDIN DİDİM TERMİNALİ -> MUĞLA MİLAS TERMİNALİ -> MUĞLA BODRUM TERMİNALİ,92.0,1.0,2023-08-25,2024-05-16,3896.0,229.0,1.0,2024-06-10,2024-08-04,9289.0
11090750648373199745,1825215398748792354,127,3,6,7,"[94, 116, 1719, 711, 720, 708]","[94, 116, 1719, 127, 711, 720, 708]",EDİRNE BELEDİYESİ,KOCAELİ GEBZE TERMİNALİ -> BÜYÜK İSTANBUL OTOGARI -> KAPIKULE SINIR KAPISI -> SOFYA -> PLOVDIV -> HASKOVA,KOCAELİ GEBZE TERMİNALİ -> BÜYÜK İSTANBUL OTOGARI -> KAPIKULE SINIR KAPISI -> EDİRNE BELEDİYESİ -> SOFYA -> PLOVDIV -> HASKOVA,,,,,,318.0,1.0,2023-01-01,2025-08-03,7599.0
18122966850687280845,1876679177581750525,1448,7,16,17,"[21109, 39, 77, 21709, 21349, 1346, 80, 102, 44, 6, 186, 69, 7037, 23, 94, 116]","[21109, 39, 77, 21709, 21349, 1346, 80, 1448, 102, 44, 6, 186, 69, 7037, 23, 94, 116]",DÜZİÇİ BELEDİYESİ OTOGARI,CEYLANPINAR İZİNLİ NOKTA -> ŞANLIURFA VİRANŞEHİR TERMİNALİ (ÖZEL) -> ŞANLIURFA KARAKÖPRÜ TERMİNALİ (ÖZEL) -> SURUÇ İZİNLİ NOKTA -> BİRECİK İZİNLİ NOKTA -> NİZİP OTOBÜS TERMİNALI -> GAZİANTEP ŞEHİTKAMİL TERMİNALİ (ÖZEL) -> OSMANİYE MERKEZ TERMİNALİ -> ADANA SEYHAN TERMİNALİ -> NİĞDE MERKEZ TERMİNALİ (ÖZEL) -> ANKARA YENİMAHALLE TERMİNALİ (ÖZEL) -> BOLU MERKEZ TERMİNALİ (ÖZEL) -> SAKARYA BÜYÜKŞEHİR BELEDİYESİ ARİFİYE TERMİNALİ -> KOCAELİ MERKEZ TERMİNALİ -> KOCAELİ GEBZE TERMİNALİ -> BÜYÜK İSTANBUL OTOGARI,CEYLANPINAR İZİNLİ NOKTA -> ŞANLIURFA VİRANŞEHİR TERMİNALİ (ÖZEL) -> ŞANLIURFA KARAKÖPRÜ TERMİNALİ (ÖZEL) -> SURUÇ İZİNLİ NOKTA -> BİRECİK İZİNLİ NOKTA -> NİZİP OTOBÜS TERMİNALI -> GAZİANTEP ŞEHİTKAMİL TERMİNALİ (ÖZEL) -> DÜZİÇİ BELEDİYESİ OTOGARI -> OSMANİYE MERKEZ TERMİNALİ -> ADANA SEYHAN TERMİNALİ -> NİĞDE MERKEZ TERMİNALİ (ÖZEL) -> ANKARA YENİMAHALLE TERMİNALİ (ÖZEL) -> BOLU MERKEZ TERMİNALİ (ÖZEL) -> SAKARYA BÜYÜKŞEHİR BELEDİYESİ ARİFİYE TERMİNALİ -> KOCAELİ MERKEZ TERMİNALİ -> KOCAELİ GEBZE TERMİNALİ -> BÜYÜK İSTANBUL OTOGARI,574.0,1.0,2025-08-25,2026-04-14,30323.0,1349.0,1.0,2025-05-27,2026-04-14,73659.0
15353520267422342166,1891741062365392520,117,3,5,6,"[23361, 3133, 206, 103, 22519]","[23361, 3133, 206, 117, 103, 22519]",TEKİRDAĞ MALKARA TERMİNALİ,BÜYÜKÇEKMECE TERMİNALİ -> SİLİVRİ BELEDİYE BAŞKANLIĞI -> TEKİRDAĞ SÜLEYMANPAŞA TERMİNALİ -> EDİRNE KEŞAN TERMİNALİ -> ERİKLİ İZİNLİ NOKTA,BÜYÜKÇEKMECE TERMİNALİ -> SİLİVRİ BELEDİYE BAŞKANLIĞI -> TEKİRDAĞ SÜLEYMANPAŞA TERMİNALİ -> TEKİRDAĞ MALKARA TERMİNALİ -> EDİRNE KEŞAN TERMİNALİ -> ERİKLİ İZİNLİ NOKTA,,,,,,105.0,1.0,2025-08-01,2025-09-19,621.0
6260285640155637646,1974143161898087128,94,1,5,6,"[90, 116, 1719, 716, 708]","[90, 94, 116, 1719, 716, 708]",KOCAELİ GEBZE TERMİNALİ,BURSA OSMANGAZİ TERMİNALİ -> BÜYÜK İSTANBUL OTOGARI -> KAPIKULE SINIR KAPISI -> KIRCALI -> HASKOVA,BURSA OSMANGAZİ TERMİNALİ -> KOCAELİ GEBZE TERMİNALİ -> BÜYÜK İSTANBUL OTOGARI -> KAPIKULE SINIR KAPISI -> KIRCALI -> HASKOVA,,,,,,978.0,2.0,2023-01-01,2026-04-14,25985.0
15605120386529219344,1992270589068888332,51,1,2,3,"[186, 129]","[186, 51, 129]",ANKARA ÇANKAYA TERMİNALİ (ÖZEL),ANKARA YENİMAHALLE TERMİNALİ (ÖZEL) -> ÇANKIRI BELEDİYE BAŞKANLIĞI TERMİNALİ,ANKARA YENİMAHALLE TERMİNALİ (ÖZEL) -> ANKARA ÇANKAYA TERMİNALİ (ÖZEL) -> ÇANKIRI BELEDİYE BAŞKANLIĞI TERMİNALİ,1045.0,2.0,2023-01-01,2026-03-27,29627.0,2.0,1.0,2023-12-01,2023-12-01,43.0
6229572879469015982,2054167538286985447,14238,14,20,21,"[1001, 85, 174, 24048, 1664, 19366, 205, 1448, 102, 20026, 45, 44, 1667, 115, 99, 32, 3001, 195, 154, 200]","[1001, 85, 174, 24048, 1664, 19366, 205, 1448, 102, 20026, 45, 44, 1667, 115, 14238, 99, 32, 3001, 195, 154, 200]",ERDEMLİ İZİNLİ NOKTA,KAHTA BELEDİYE BAŞKANLIĞI  -> ADIYAMAN MERKEZ TERMİNALİ -> GÖLBAŞI ŞEHİRLER ARASI YOLCU TERMİNALİ -> PAZARCIK -> PAZARCIK BELEDİYESİ ŞEHİERLERARASI OTOBÜS TERMİNALİ PAZARCIK BELEDİYESİ ŞEHİERLERA -> KAHRAMANMARAŞ YOLCU TERMİNALİ -> 205 -> DÜZİÇİ BELEDİYESİ OTOGARI -> OSMANİYE MERKEZ TERMİNALİ -> CEYHAN OTOGARI -> 45 -> ADANA SEYHAN TERMİNALİ -> TARSUS BELEDİYESİ OTOGAR MÜDÜRLÜĞÜ TAŞTİ -> MERSİN TOROSLAR TERMİNALİ -> MERSİN SİLİFKE TERMİNALİ -> MERSİN ANAMUR TERMİNALİ -> ALANYA İLÇESİ ŞEHİRLERARASI OTOBÜS TERMİNALİ -> ANTALYA MANAVGAT TERMİNALİ (ÖZEL) -> ANTALYA SERİK TERMİNALİ (ÖZEL) -> ANTALYA KEPEZ TERMİNALİ (ÖZEL),KAHTA BELEDİYE BAŞKANLIĞI  -> ADIYAMAN MERKEZ TERMİNALİ -> GÖLBAŞI ŞEHİRLER ARASI YOLCU TERMİNALİ -> PAZARCIK -> PAZARCIK BELEDİYESİ ŞEHİERLERARASI OTOBÜS TERMİNALİ PAZARCIK BELEDİYESİ ŞEHİERLERA -> KAHRAMANMARAŞ YOLCU TERMİNALİ -> 205 -> DÜZİÇİ BELEDİYESİ OTOGARI -> OSMANİYE MERKEZ TERMİNALİ -> CEYHAN OTOGARI -> 45 -> ADANA SEYHAN TERMİNALİ -> TARSUS BELEDİYESİ OTOGAR MÜDÜRLÜĞÜ TAŞTİ -> MERSİN TOROSLAR TERMİNALİ -> ERDEMLİ İZİNLİ NOKTA -> MERSİN SİLİFKE TERMİNALİ -> MERSİN ANAMUR TERMİNALİ -> ALANYA İLÇESİ ŞEHİRLERARASI OTOBÜS TERMİNALİ -> ANTALYA MANAVGAT TERMİNALİ (ÖZEL) -> ANTALYA SERİK TERMİNALİ (ÖZEL) -> ANTALYA KEPEZ TERMİNALİ (ÖZEL),2302.0,1.0,2023-01-01,2026-04-14,88949.0,4332.0,1.0,2023-01-01,2026-04-14,167703.0
2279238693190520919,2054857198024824060,175,1,4,5,"[158, 62, 98, 186]","[158, 175, 62, 98, 186]",ÇORUM ALACA TERMİNALİ,ÇORUM MERKEZ TERMİNALİ -> ÇORUM SUNGURLU TERMİNALİ -> KIRIKKALE OTOBÜS TERMİNALİ -> ANKARA YENİMAHALLE TERMİNALİ (ÖZEL),ÇORUM MERKEZ TERMİNALİ -> ÇORUM ALACA TERMİNALİ -> ÇORUM SUNGURLU TERMİNALİ -> KIRIKKALE OTOBÜS TERMİNALİ -> ANKARA YENİMAHALLE TERMİNALİ (ÖZEL),1045.0,2.0,2023-01-01,2026-04-14,19403.0,604.0,1.0,2024-09-14,2026-04-14,12515.0
4264175378278826765,2279338187012687324,238,1,2,3,"[11446, 59]","[11446, 238, 59]",ORDU ALTINORDU TERMİNALİ,AYBASTI İZİNLİ NOKTA -> GİRESUN BULANCAK TERMİNALİ,AYBASTI İZİNLİ NOKTA -> ORDU ALTINORDU TERMİNALİ -> GİRESUN BULANCAK TERMİNALİ,,,,,,,,,,
11866866855765857977,2520127985938196454,20026,4,8,9,"[19366, 1448, 102, 45, 44, 1667, 115, 99]","[19366, 1448, 102, 45, 20026, 44, 1667, 115, 99]",CEYHAN OTOGARI,KAHRAMANMARAŞ YOLCU TERMİNALİ -> DÜZİÇİ BELEDİYESİ OTOGARI -> OSMANİYE MERKEZ TERMİNALİ -> 45 -> ADANA SEYHAN TERMİNALİ -> TARSUS BELEDİYESİ OTOGAR MÜDÜRLÜĞÜ TAŞTİ -> MERSİN TOROSLAR TERMİNALİ -> MERSİN SİLİFKE TERMİNALİ,KAHRAMANMARAŞ YOLCU TERMİNALİ -> DÜZİÇİ BELEDİYESİ OTOGARI -> OSMANİYE MERKEZ TERMİNALİ -> 45 -> CEYHAN OTOGARI -> ADANA SEYHAN TERMİNALİ -> TARSUS BELEDİYESİ OTOGAR MÜDÜRLÜĞÜ TAŞTİ -> MERSİN TOROSLAR TERMİNALİ -> MERSİN SİLİFKE TERMİNALİ,1698.0,1.0,2023-01-01,2025-08-19,24509.0,,,,,
13561817300374604106,2585226720753803169,78,3,4,5,"[9, 90, 94, 116]","[9, 90, 94, 78, 116]",İSTANBUL EYÜP-ALİBEYKÖY YOLCU TERMALİ  (ÖZEL),İZMİR BORNOVA TERMİNALİ (ÖZEL) -> BURSA OSMANGAZİ TERMİNALİ -> KOCAELİ GEBZE TERMİNALİ -> BÜYÜK İSTANBUL OTOGARI,İZMİR BORNOVA TERMİNALİ (ÖZEL) -> BURSA OSMANGAZİ TERMİNALİ -> KOCAELİ GEBZE TERMİNALİ -> İSTANBUL EYÜP-ALİBEYKÖY YOLCU TERMALİ  (ÖZEL) -> BÜYÜK İSTANBUL OTOGARI,50.0,1.0,2023-04-15,2023-07-08,1823.0,13.0,1.0,2023-01-01,2023-01-10,383.0
3847999128508855243,2705099728306242392,13007,1,6,7,"[28, 211, 202, 156, 98, 186]","[28, 13007, 211, 202, 156, 98, 186]",YILDIZELİ,SİVAS MERKEZ TERMİNALİ -> YOZGAT AKDAĞMADENİ TERMİNALİ -> YOZGAT SORGUN TERMİNALİ -> YOZGAT MERKEZ TERMİNALİ -> KIRIKKALE OTOBÜS TERMİNALİ -> ANKARA YENİMAHALLE TERMİNALİ (ÖZEL),SİVAS MERKEZ TERMİNALİ -> YILDIZELİ -> YOZGAT AKDAĞMADENİ TERMİNALİ -> YOZGAT SORGUN TERMİNALİ -> YOZGAT MERKEZ TERMİNALİ -> KIRIKKALE OTOBÜS TERMİNALİ -> ANKARA YENİMAHALLE TERMİNALİ (ÖZEL),2.0,1.0,2025-11-29,2025-11-29,76.0,533.0,1.0,2023-07-17,2026-04-14,12254.0
3218655041450808479,2826316121549206655,7,6,10,11,"[116, 78, 94, 23, 7037, 110, 9534, 16906, 1655, 12]","[116, 78, 94, 23, 7037, 110, 7, 9534, 16906, 1655, 12]",SULUOVA ŞEHİRLERARASI OTOBÜS TERMİNALİ ,BÜYÜK İSTANBUL OTOGARI -> İSTANBUL EYÜP-ALİBEYKÖY YOLCU TERMALİ  (ÖZEL) -> KOCAELİ GEBZE TERMİNALİ -> KOCAELİ MERKEZ TERMİNALİ -> SAKARYA BÜYÜKŞEHİR BELEDİYESİ ARİFİYE TERMİNALİ -> MERZİFON ŞEHİRLER ARASI YOLCU TERMİNALİ -> AMASYA ŞEHİRLER ARASI OTOBÜS TERMİNALİ -> ZİLE BELEDİYE BAŞKANLIĞI -> SAFİR OTOMOTİV TURİZ İNŞ. TEKS.AKAR. NAK.SAN.TİC.LTD. SAFİR OTOMOTİV -> TOKAT MERKEZ TERMİNALİ,BÜYÜK İSTANBUL OTOGARI -> İSTANBUL EYÜP-ALİBEYKÖY YOLCU TERMALİ  (ÖZEL) -> KOCAELİ GEBZE TERMİNALİ -> KOCAELİ MERKEZ TERMİNALİ -> SAKARYA BÜYÜKŞEHİR BELEDİYESİ ARİFİYE TERMİNALİ -> MERZİFON ŞEHİRLER ARASI YOLCU TERMİNALİ -> SULUOVA ŞEHİRLERARASI OTOBÜS TERMİNALİ  -> AMASYA ŞEHİRLER ARASI OTOBÜS TERMİNALİ -> ZİLE BELEDİYE BAŞKANLIĞI -> SAFİR OTOMOTİV TURİZ İNŞ. TEKS.AKAR. NAK.SAN.TİC.LTD. SAFİR OTOMOTİV -> TOKAT MERKEZ TERMİNALİ,493.0,1.0,2025-06-02,2026-04-14,9991.0,415.0,1.0,2024-07-24,2025-04-09,5002.0
16380411293686636718,2853342802895499617,153,3,5,6,"[238, 66, 183, 9532, 9533]","[238, 66, 183, 153, 9532, 9533]",SAMSUN İLKADIM TERMİNALİ (ÖZEL),ORDU ALTINORDU TERMİNALİ -> ORDU FATSA TERMİNALİ -> ORDU ÜNYE TERMİNALİ -> SAMSUN YUSUF ZİYA YILMAZ ŞEHİRLER ARASI OTOBÜS TERMİNALİ -> BAFRA ŞEHİRLERARASI OTOBÜS TERMİNALİ,ORDU ALTINORDU TERMİNALİ -> ORDU FATSA TERMİNALİ -> ORDU ÜNYE TERMİNALİ -> SAMSUN İLKADIM TERMİNALİ (ÖZEL) -> SAMSUN YUSUF ZİYA YILMAZ ŞEHİRLER ARASI OTOBÜS TERMİNALİ -> BAFRA ŞEHİRLERARASI OTOBÜS TERMİNALİ,1134.0,1.0,2023-01-01,2026-04-14,4911.0,1434.0,1.0,2023-01-01,2026-04-14,7295.0
9906785970660853903,2991469519384989087,1051,3,8,9,"[186, 22, 113, 90, 136, 1652, 1081, 81]","[186, 22, 113, 1051, 90, 136, 1652, 1081, 81]",İNEGÖL ŞEHİRLER ARASI OTOBÜS TERMİNALİ,ANKARA YENİMAHALLE TERMİNALİ (ÖZEL) -> ESKİŞEHİR TEPEBAŞI TERMİNALİ -> BİLECİK BOZÜYÜK TERMİNALİ -> BURSA OSMANGAZİ TERMİNALİ -> BALIKESİR MERKEZ TERMİNALİ -> EDREMİT ŞEHİRLERARASI OTOBÜS TERMİNALİ -> BURHANİYE ŞEHİRLERARASI OTOBÜS TERMİNALİ -> BALIKESİR AYVALIK TERMİNALİ (ÖZEL),ANKARA YENİMAHALLE TERMİNALİ (ÖZEL) -> ESKİŞEHİR TEPEBAŞI TERMİNALİ -> BİLECİK BOZÜYÜK TERMİNALİ -> İNEGÖL ŞEHİRLER ARASI OTOBÜS TERMİNALİ -> BURSA OSMANGAZİ TERMİNALİ -> BALIKESİR MERKEZ TERMİNALİ -> EDREMİT ŞEHİRLERARASI OTOBÜS TERMİNALİ -> BURHANİYE ŞEHİRLERARASI OTOBÜS TERMİNALİ -> BALIKESİR AYVALIK TERMİNALİ (ÖZEL),3.0,1.0,2024-06-20,2024-06-22,123.0,212.0,1.0,2024-06-20,2024-10-08,6407.0
1974143161898087128,2997057322508731121,127,3,6,7,"[90, 94, 116, 1719, 716, 708]","[90, 94, 116, 127, 1719, 716, 708]",EDİRNE BELEDİYESİ,BURSA OSMANGAZİ TERMİNALİ -> KOCAELİ GEBZE TERMİNALİ -> BÜYÜK İSTANBUL OTOGARI -> KAPIKULE SINIR KAPISI -> KIRCALI -> HASKOVA,BURSA OSMANGAZİ TERMİNALİ -> KOCAELİ GEBZE TERMİNALİ -> BÜYÜK İSTANBUL OTOGARI -> EDİRNE BELEDİYESİ -> KAPIKULE SINIR KAPISI -> KIRCALI -> HASKOVA,978.0,2.0,2023-01-01,2026-04-14,25985.0,38.0,1.0,2023-01-24,2025-11-23,1043.0
5192588951846601860,3093021569280001571,123,3,6,7,"[116, 78, 94, 90, 184, 9]","[116, 78, 94, 123, 90, 184, 9]",BURSA GEMLİK TERMİNALİ,BÜYÜK İSTANBUL OTOGARI -> İSTANBUL EYÜP-ALİBEYKÖY YOLCU TERMALİ  (ÖZEL) -> KOCAELİ GEBZE TERMİNALİ -> BURSA OSMANGAZİ TERMİNALİ -> MANİSA ŞEHZADELER TERMİNALİ -> İZMİR BORNOVA TERMİNALİ (ÖZEL),BÜYÜK İSTANBUL OTOGARI -> İSTANBUL EYÜP-ALİBEYKÖY YOLCU TERMALİ  (ÖZEL) -> KOCAELİ GEBZE TERMİNALİ -> BURSA GEMLİK TERMİNALİ -> BURSA OSMANGAZİ TERMİNALİ -> MANİSA ŞEHZADELER TERMİNALİ -> İZMİR BORNOVA TERMİNALİ (ÖZEL),87.0,1.0,2026-02-28,2026-04-14,3561.0,1862.0,1.0,2023-01-01,2026-02-22,85013.0
14266282001562886277,3128842614695411798,4608,2,5,6,"[202, 156, 114, 63, 105]","[202, 156, 4608, 114, 63, 105]",YERKÖY TERMİNALİ,YOZGAT SORGUN TERMİNALİ -> YOZGAT MERKEZ TERMİNALİ -> KIRŞEHİR MERKEZ TERMİNALİ -> AKSARAY MERKEZ TERMİNALİ -> KONYA SELÇUKLU TERMİNALİ,YOZGAT SORGUN TERMİNALİ -> YOZGAT MERKEZ TERMİNALİ -> YERKÖY TERMİNALİ -> KIRŞEHİR MERKEZ TERMİNALİ -> AKSARAY MERKEZ TERMİNALİ -> KONYA SELÇUKLU TERMİNALİ,855.0,1.0,2023-01-19,2025-06-17,29728.0,15.0,1.0,2025-12-01,2026-01-04,306.0
4779016143259264358,3133158587930880298,124,6,14,15,"[19366, 1448, 102, 20026, 44, 20119, 105, 57, 19576, 169, 121, 168, 145, 171]","[19366, 1448, 102, 20026, 44, 20119, 124, 105, 57, 19576, 169, 121, 168, 145, 171]",KARAMAN MERKEZ TERMİNALİ,KAHRAMANMARAŞ YOLCU TERMİNALİ -> DÜZİÇİ BELEDİYESİ OTOGARI -> OSMANİYE MERKEZ TERMİNALİ -> CEYHAN OTOGARI -> ADANA SEYHAN TERMİNALİ -> EREĞLİ -> KONYA SELÇUKLU TERMİNALİ -> DENİZLİ PAMUKKALE TERMİNALİ -> NAZİLLİ YOLCU TERMİNALİ -> AYDIN EFELER TERMİNALİ -> AYDIN SÖKE TERMİNALİ -> MUĞLA MİLAS TERMİNALİ -> AYDIN DİDİM TERMİNALİ -> MUĞLA BODRUM TERMİNALİ,KAHRAMANMARAŞ YOLCU TERMİNALİ -> DÜZİÇİ BELEDİYESİ OTOGARI -> OSMANİYE MERKEZ TERMİNALİ -> CEYHAN OTOGARI -> ADANA SEYHAN TERMİNALİ -> EREĞLİ -> KARAMAN MERKEZ TERMİNALİ -> KONYA SELÇUKLU TERMİNALİ -> DENİZLİ PAMUKKALE TERMİNALİ -> NAZİLLİ YOLCU TERMİNALİ -> AYDIN EFELER TERMİNALİ -> AYDIN SÖKE TERMİNALİ -> MUĞLA MİLAS TERMİNALİ -> AYDIN DİDİM TERMİNALİ -> MUĞLA BODRUM TERMİNALİ,382.0,1.0,2025-07-23,2026-04-02,5081.0,,,,,
8061372625324020334,3372289698834437520,1006,1,3,4,"[164, 23029, 10996]","[164, 1006, 23029, 10996]",KALKAN BELEDİYESİ BAŞKANLIĞI,FETHİYE BELEDİYE BAŞKANLIĞI -> KALKAN İZİNLİ NOKTA -> ANTALYA KAŞ TERMİNALİ,FETHİYE BELEDİYE BAŞKANLIĞI -> KALKAN BELEDİYESİ BAŞKANLIĞI -> KALKAN İZİNLİ NOKTA -> ANTALYA KAŞ TERMİNALİ,7688.0,1.0,2023-01-01,2026-04-14,48642.0,7754.0,1.0,2023-01-01,2026-04-14,46743.0
2826106205485404942,3479071440725426022,9534,2,11,12,"[12, 1655, 158, 62, 98, 186, 7037, 23, 94, 78, 116]","[12, 1655, 9534, 158, 62, 98, 186, 7037, 23, 94, 78, 116]",AMASYA ŞEHİRLER ARASI OTOBÜS TERMİNALİ,TOKAT MERKEZ TERMİNALİ -> SAFİR OTOMOTİV TURİZ İNŞ. TEKS.AKAR. NAK.SAN.TİC.LTD. SAFİR OTOMOTİV -> ÇORUM MERKEZ TERMİNALİ -> ÇORUM SUNGURLU TERMİNALİ -> KIRIKKALE OTOBÜS TERMİNALİ -> ANKARA YENİMAHALLE TERMİNALİ (ÖZEL) -> SAKARYA BÜYÜKŞEHİR BELEDİYESİ ARİFİYE TERMİNALİ -> KOCAELİ MERKEZ TERMİNALİ -> KOCAELİ GEBZE TERMİNALİ -> İSTANBUL EYÜP-ALİBEYKÖY YOLCU TERMALİ  (ÖZEL) -> BÜYÜK İSTANBUL OTOGARI,TOKAT MERKEZ TERMİNALİ -> SAFİR OTOMOTİV TURİZ İNŞ. TEKS.AKAR. NAK.SAN.TİC.LTD. SAFİR OTOMOTİV -> AMASYA ŞEHİRLER ARASI OTOBÜS TERMİNALİ -> ÇORUM MERKEZ TERMİNALİ -> ÇORUM SUNGURLU TERMİNALİ -> KIRIKKALE OTOBÜS TERMİNALİ -> ANKARA YENİMAHALLE TERMİNALİ (ÖZEL) -> SAKARYA BÜYÜKŞEHİR BELEDİYESİ ARİFİYE TERMİNALİ -> KOCAELİ MERKEZ TERMİNALİ -> KOCAELİ GEBZE TERMİNALİ -> İSTANBUL EYÜP-ALİBEYKÖY YOLCU TERMALİ  (ÖZEL) -> BÜYÜK İSTANBUL OTOGARI,54.0,1.0,2025-12-19,2026-03-22,774.0,6.0,1.0,2024-11-13,2025-09-09,155.0
6260629548372134970,3488913538020901482,182,2,7,8,"[115, 1667, 125, 50, 147, 36, 9]","[115, 1667, 182, 125, 50, 147, 36, 9]",KONYA KARATAY TERMİNALİ,MERSİN TOROSLAR TERMİNALİ -> TARSUS BELEDİYESİ OTOGAR MÜDÜRLÜĞÜ TAŞTİ -> AFYONKARAHİSAR MERKEZ TERMİNALİ (ÖZEL) -> UŞAK MERKEZ TERMİNALİ -> MANİSA SALİHLİ TERMİNALİ -> MANİSA TURGUTLU TERMİNALİ (ÖZEL) -> İZMİR BORNOVA TERMİNALİ (ÖZEL),MERSİN TOROSLAR TERMİNALİ -> TARSUS BELEDİYESİ OTOGAR MÜDÜRLÜĞÜ TAŞTİ -> KONYA KARATAY TERMİNALİ -> AFYONKARAHİSAR MERKEZ TERMİNALİ (ÖZEL) -> UŞAK MERKEZ TERMİNALİ -> MANİSA SALİHLİ TERMİNALİ -> MANİSA TURGUTLU TERMİNALİ (ÖZEL) -> İZMİR BORNOVA TERMİNALİ (ÖZEL),6.0,1.0,2025-06-27,2025-06-30,103.0,,,,,
89892670438909777,3587876308041298803,728,2,4,5,"[116, 1719, 711, 720]","[116, 1719, 728, 711, 720]",PERNİK,BÜYÜK İSTANBUL OTOGARI -> KAPIKULE SINIR KAPISI -> SOFYA -> PLOVDIV,BÜYÜK İSTANBUL OTOGARI -> KAPIKULE SINIR KAPISI -> PERNİK -> SOFYA -> PLOVDIV,173.0,1.0,2025-04-24,2025-07-14,3199.0,418.0,1.0,2023-07-09,2025-04-23,9109.0
795629280590362777,3622354605007697681,185,1,3,4,"[127, 225, 206]","[127, 185, 225, 206]",Babaeski Belediye Terminali,EDİRNE BELEDİYESİ -> KIRKLARELİ LÜLEBURGAZ TERMİNALİ -> TEKİRDAĞ SÜLEYMANPAŞA TERMİNALİ,EDİRNE BELEDİYESİ -> Babaeski Belediye Terminali -> KIRKLARELİ LÜLEBURGAZ TERMİNALİ -> TEKİRDAĞ SÜLEYMANPAŞA TERMİNALİ,17090.0,2.0,2023-01-01,2026-04-14,88497.0,2543.0,1.0,2025-07-12,2026-04-14,12794.0
15760400164340624149,3976349810886767453,17476,7,8,9,"[75, 67, 123, 90, 1051, 113, 22, 186]","[75, 67, 123, 90, 1051, 113, 22, 17476, 186]",POLATLI İZNLİ  NOKTA,YALOVA MERKEZ TERMİNALİ (ÖZEL) -> BURSA ORHANGAZİ TERMİNALİ -> BURSA GEMLİK TERMİNALİ -> BURSA OSMANGAZİ TERMİNALİ -> İNEGÖL ŞEHİRLER ARASI OTOBÜS TERMİNALİ -> BİLECİK BOZÜYÜK TERMİNALİ -> ESKİŞEHİR TEPEBAŞI TERMİNALİ -> ANKARA YENİMAHALLE TERMİNALİ (ÖZEL),YALOVA MERKEZ TERMİNALİ (ÖZEL) -> BURSA ORHANGAZİ TERMİNALİ -> BURSA GEMLİK TERMİNALİ -> BURSA OSMANGAZİ TERMİNALİ -> İNEGÖL ŞEHİRLER ARASI OTOBÜS TERMİNALİ -> BİLECİK BOZÜYÜK TERMİNALİ -> ESKİŞEHİR TEPEBAŞI TERMİNALİ -> POLATLI İZNLİ  NOKTA -> ANKARA YENİMAHALLE TERMİNALİ (ÖZEL),7.0,1.0,2023-06-24,2025-04-02,167.0,5957.0,1.0,2023-01-01,2026-04-14,247027.0
3584285796972893040,4194880047717755045,15016,1,6,7,"[155, 94, 23, 7037, 69, 186]","[155, 15016, 94, 23, 7037, 69, 186]",DUDULLU İZİNLİ NOKTA,İSTANBUL ÜSKÜDAR TERMİNALİ -> KOCAELİ GEBZE TERMİNALİ -> KOCAELİ MERKEZ TERMİNALİ -> SAKARYA BÜYÜKŞEHİR BELEDİYESİ ARİFİYE TERMİNALİ -> BOLU MERKEZ TERMİNALİ (ÖZEL) -> ANKARA YENİMAHALLE TERMİNALİ (ÖZEL),İSTANBUL ÜSKÜDAR TERMİNALİ -> DUDULLU İZİNLİ NOKTA -> KOCAELİ GEBZE TERMİNALİ -> KOCAELİ MERKEZ TERMİNALİ -> SAKARYA BÜYÜKŞEHİR BELEDİYESİ ARİFİYE TERMİNALİ -> BOLU MERKEZ TERMİNALİ (ÖZEL) -> ANKARA YENİMAHALLE TERMİNALİ (ÖZEL),,,,,,53.0,1.0,2023-01-02,2023-03-06,1599.0
14689486690492790624,4224390966793645532,139,6,7,8,"[1645, 3003, 121, 145, 168, 144, 167]","[1645, 3003, 121, 145, 168, 144, 139, 167]",MUĞLA MENTEŞE TERMİNALİ,İZMİR BÜYÜKŞEHİR BELEDİYESİ   SELÇUK ŞEHİRLERARASI OTOBÜS TERMİNALİ -> AYDIN KUŞADASI TERMİNALİ -> AYDIN SÖKE TERMİNALİ -> AYDIN DİDİM TERMİNALİ -> MUĞLA MİLAS TERMİNALİ -> MUĞLA YATAĞAN TERMİNALİ -> MUĞLA MARMARİS TERMİNALİ,İZMİR BÜYÜKŞEHİR BELEDİYESİ   SELÇUK ŞEHİRLERARASI OTOBÜS TERMİNALİ -> AYDIN KUŞADASI TERMİNALİ -> AYDIN SÖKE TERMİNALİ -> AYDIN DİDİM TERMİNALİ -> MUĞLA MİLAS TERMİNALİ -> MUĞLA YATAĞAN TERMİNALİ -> MUĞLA MENTEŞE TERMİNALİ -> MUĞLA MARMARİS TERMİNALİ,14.0,1.0,2025-11-18,2025-12-05,133.0,433.0,1.0,2025-06-24,2025-12-06,8321.0
4521978806525381564,4352209202345666395,9529,2,9,10,"[11656, 8476, 23118, 1661, 17326, 68, 172, 1001, 85]","[11656, 8476, 9529, 23118, 1661, 17326, 68, 172, 1001, 85]",ŞIRNAK - İDİL,SİLOPİ -> CİZRE OTOGARI -> MİDYAT İZİNLİ NOKTA -> BATMAN BELEDİYESİ BATMAN BELEDİYESİ -> BİSMİL OTOBÜS TERMİNALİ -> DİYARBAKIR / TERMİNALİ -> ŞANLIURFA SİVEREK TERMİNALİ (ÖZEL) -> KAHTA BELEDİYE BAŞKANLIĞI  -> ADIYAMAN MERKEZ TERMİNALİ,SİLOPİ -> CİZRE OTOGARI -> ŞIRNAK - İDİL -> MİDYAT İZİNLİ NOKTA -> BATMAN BELEDİYESİ BATMAN BELEDİYESİ -> BİSMİL OTOBÜS TERMİNALİ -> DİYARBAKIR / TERMİNALİ -> ŞANLIURFA SİVEREK TERMİNALİ (ÖZEL) -> KAHTA BELEDİYE BAŞKANLIĞI  -> ADIYAMAN MERKEZ TERMİNALİ,255.0,1.0,2025-07-17,2026-04-11,4987.0,258.0,1.0,2025-07-17,2026-04-12,4981.0
16387070240699049516,4408858419963688553,225,1,5,6,"[127, 116, 94, 90, 9]","[127, 225, 116, 94, 90, 9]",KIRKLARELİ LÜLEBURGAZ TERMİNALİ,EDİRNE BELEDİYESİ -> BÜYÜK İSTANBUL OTOGARI -> KOCAELİ GEBZE TERMİNALİ -> BURSA OSMANGAZİ TERMİNALİ -> İZMİR BORNOVA TERMİNALİ (ÖZEL),EDİRNE BELEDİYESİ -> KIRKLARELİ LÜLEBURGAZ TERMİNALİ -> BÜYÜK İSTANBUL OTOGARI -> KOCAELİ GEBZE TERMİNALİ -> BURSA OSMANGAZİ TERMİNALİ -> İZMİR BORNOVA TERMİNALİ (ÖZEL),5725.0,1.0,2023-01-10,2025-09-07,293791.0,1674.0,1.0,2023-01-20,2025-09-02,77428.0
6754326203094842062,4561342207011298191,86,2,4,5,"[12, 1655, 202, 156]","[12, 1655, 86, 202, 156]",,TOKAT MERKEZ TERMİNALİ -> SAFİR OTOMOTİV TURİZ İNŞ. TEKS.AKAR. NAK.SAN.TİC.LTD. SAFİR OTOMOTİV -> YOZGAT SORGUN TERMİNALİ -> YOZGAT MERKEZ TERMİNALİ,TOKAT MERKEZ TERMİNALİ -> SAFİR OTOMOTİV TURİZ İNŞ. TEKS.AKAR. NAK.SAN.TİC.LTD. SAFİR OTOMOTİV -> 86 -> YOZGAT SORGUN TERMİNALİ -> YOZGAT MERKEZ TERMİNALİ,,,,,,184.0,1.0,2023-01-01,2023-07-02,1780.0
4858791051112089043,4568856502841719823,78,1,15,16,"[116, 94, 90, 136, 122, 184, 147, 36, 149, 19, 187, 148, 120, 57, 200]","[116, 78, 94, 90, 136, 122, 184, 147, 36, 149, 19, 187, 148, 120, 57, 200]",İSTANBUL EYÜP-ALİBEYKÖY YOLCU TERMALİ  (ÖZEL),BÜYÜK İSTANBUL OTOGARI -> KOCAELİ GEBZE TERMİNALİ -> BURSA OSMANGAZİ TERMİNALİ -> BALIKESİR MERKEZ TERMİNALİ -> MANİSA AKHİSAR TERMİNALİ -> MANİSA ŞEHZADELER TERMİNALİ -> MANİSA SALİHLİ TERMİNALİ -> MANİSA TURGUTLU TERMİNALİ (ÖZEL) -> MANİSA ALAŞEHİR TERMİNALİ -> ISPARTA MERKEZ TERMİNALİ -> DENİZLİ BULDAN TERMİNALİ -> MANİSA SARIGÖL TERMİNALİ -> SARAYKÖY YOLCU TERMİNALİ -> DENİZLİ PAMUKKALE TERMİNALİ -> ANTALYA KEPEZ TERMİNALİ (ÖZEL),BÜYÜK İSTANBUL OTOGARI -> İSTANBUL EYÜP-ALİBEYKÖY YOLCU TERMALİ  (ÖZEL) -> KOCAELİ GEBZE TERMİNALİ -> BURSA OSMANGAZİ TERMİNALİ -> BALIKESİR MERKEZ TERMİNALİ -> MANİSA AKHİSAR TERMİNALİ -> MANİSA ŞEHZADELER TERMİNALİ -> MANİSA SALİHLİ TERMİNALİ -> MANİSA TURGUTLU TERMİNALİ (ÖZEL) -> MANİSA ALAŞEHİR TERMİNALİ -> ISPARTA MERKEZ TERMİNALİ -> DENİZLİ BULDAN TERMİNALİ -> MANİSA SARIGÖL TERMİNALİ -> SARAYKÖY YOLCU TERMİNALİ -> DENİZLİ PAMUKKALE TERMİNALİ -> ANTALYA KEPEZ TERMİNALİ (ÖZEL),,,,,,847.0,1.0,2024-08-29,2025-09-11,36845.0
12187778840568953514,4601478284712602974,648,2,4,5,"[116, 1719, 647, 645]","[116, 1719, 648, 647, 645]",PEC,BÜYÜK İSTANBUL OTOGARI -> KAPIKULE SINIR KAPISI -> PRIZREN -> PIRIŞTINE,BÜYÜK İSTANBUL OTOGARI -> KAPIKULE SINIR KAPISI -> PEC -> PRIZREN -> PIRIŞTINE,,,,,,931.0,1.0,2023-01-02,2026-04-14,20365.0
17382064161863853003,4646447833272264331,184,2,6,7,"[169, 9, 90, 94, 78, 116]","[169, 9, 184, 90, 94, 78, 116]",MANİSA ŞEHZADELER TERMİNALİ,AYDIN EFELER TERMİNALİ -> İZMİR BORNOVA TERMİNALİ (ÖZEL) -> BURSA OSMANGAZİ TERMİNALİ -> KOCAELİ GEBZE TERMİNALİ -> İSTANBUL EYÜP-ALİBEYKÖY YOLCU TERMALİ  (ÖZEL) -> BÜYÜK İSTANBUL OTOGARI,AYDIN EFELER TERMİNALİ -> İZMİR BORNOVA TERMİNALİ (ÖZEL) -> MANİSA ŞEHZADELER TERMİNALİ -> BURSA OSMANGAZİ TERMİNALİ -> KOCAELİ GEBZE TERMİNALİ -> İSTANBUL EYÜP-ALİBEYKÖY YOLCU TERMALİ  (ÖZEL) -> BÜYÜK İSTANBUL OTOGARI,,,,,,647.0,1.0,2025-05-15,2025-12-06,22482.0
7320381293793515821,4670981736391757913,17476,1,8,9,"[186, 22, 113, 1051, 90, 1013, 241, 1297]","[186, 17476, 22, 113, 1051, 90, 1013, 241, 1297]",POLATLI İZNLİ  NOKTA,ANKARA YENİMAHALLE TERMİNALİ (ÖZEL) -> ESKİŞEHİR TEPEBAŞI TERMİNALİ -> BİLECİK BOZÜYÜK TERMİNALİ -> İNEGÖL ŞEHİRLER ARASI OTOBÜS TERMİNALİ -> BURSA OSMANGAZİ TERMİNALİ -> KARACABEY ŞEHİRLER ARASI OTOBÜS TERMİNALİ -> BALIKESİR BANDIRMA ŞEHİRLERARASI OTOBÜS TERMİNALİ  -> ERDEK ŞEHİRLERARASI OTOBÜS TERMİNALİ,ANKARA YENİMAHALLE TERMİNALİ (ÖZEL) -> POLATLI İZNLİ  NOKTA -> ESKİŞEHİR TEPEBAŞI TERMİNALİ -> BİLECİK BOZÜYÜK TERMİNALİ -> İNEGÖL ŞEHİRLER ARASI OTOBÜS TERMİNALİ -> BURSA OSMANGAZİ TERMİNALİ -> KARACABEY ŞEHİRLER ARASI OTOBÜS TERMİNALİ -> BALIKESİR BANDIRMA ŞEHİRLERARASI OTOBÜS TERMİNALİ  -> ERDEK ŞEHİRLERARASI OTOBÜS TERMİNALİ,,,,,,4762.0,2.0,2023-01-01,2026-04-14,189822.0
7147942934600281615,4688853670648196447,184,6,8,9,"[186, 17476, 125, 50, 147, 36, 9, 244]","[186, 17476, 125, 50, 147, 36, 184, 9, 244]",MANİSA ŞEHZADELER TERMİNALİ,ANKARA YENİMAHALLE TERMİNALİ (ÖZEL) -> POLATLI İZNLİ  NOKTA -> AFYONKARAHİSAR MERKEZ TERMİNALİ (ÖZEL) -> UŞAK MERKEZ TERMİNALİ -> MANİSA SALİHLİ TERMİNALİ -> MANİSA TURGUTLU TERMİNALİ (ÖZEL) -> İZMİR BORNOVA TERMİNALİ (ÖZEL) -> İZMİR ÇEŞME TERMİNALİ,ANKARA YENİMAHALLE TERMİNALİ (ÖZEL) -> POLATLI İZNLİ  NOKTA -> AFYONKARAHİSAR MERKEZ TERMİNALİ (ÖZEL) -> UŞAK MERKEZ TERMİNALİ -> MANİSA SALİHLİ TERMİNALİ -> MANİSA TURGUTLU TERMİNALİ (ÖZEL) -> MANİSA ŞEHZADELER TERMİNALİ -> İZMİR BORNOVA TERMİNALİ (ÖZEL) -> İZMİR ÇEŞME TERMİNALİ,1018.0,1.0,2025-08-14,2026-04-14,46564.0,220.0,1.0,2023-04-23,2025-08-23,7283.0
5520733459870003634,4834672671255523474,78,1,5,6,"[116, 94, 9, 169, 19576]","[116, 78, 94, 9, 169, 19576]",İSTANBUL EYÜP-ALİBEYKÖY YOLCU TERMALİ  (ÖZEL),BÜYÜK İSTANBUL OTOGARI -> KOCAELİ GEBZE TERMİNALİ -> İZMİR BORNOVA TERMİNALİ (ÖZEL) -> AYDIN EFELER TERMİNALİ -> NAZİLLİ YOLCU TERMİNALİ,BÜYÜK İSTANBUL OTOGARI -> İSTANBUL EYÜP-ALİBEYKÖY YOLCU TERMALİ  (ÖZEL) -> KOCAELİ GEBZE TERMİNALİ -> İZMİR BORNOVA TERMİNALİ (ÖZEL) -> AYDIN EFELER TERMİNALİ -> NAZİLLİ YOLCU TERMİNALİ,,,,,,,,,,
3783027302799674920,4866131322457852942,184,4,9,10,"[116, 78, 94, 90, 9, 1645, 3003, 121, 145]","[116, 78, 94, 90, 184, 9, 1645, 3003, 121, 145]",MANİSA ŞEHZADELER TERMİNALİ,BÜYÜK İSTANBUL OTOGARI -> İSTANBUL EYÜP-ALİBEYKÖY YOLCU TERMALİ  (ÖZEL) -> KOCAELİ GEBZE TERMİNALİ -> BURSA OSMANGAZİ TERMİNALİ -> İZMİR BORNOVA TERMİNALİ (ÖZEL) -> İZMİR BÜYÜKŞEHİR BELEDİYESİ   SELÇUK ŞEHİRLERARASI OTOBÜS TERMİNALİ -> AYDIN KUŞADASI TERMİNALİ -> AYDIN SÖKE TERMİNALİ -> AYDIN DİDİM TERMİNALİ,BÜYÜK İSTANBUL OTOGARI -> İSTANBUL EYÜP-ALİBEYKÖY YOLCU TERMALİ  (ÖZEL) -> KOCAELİ GEBZE TERMİNALİ -> BURSA OSMANGAZİ TERMİNALİ -> MANİSA ŞEHZADELER TERMİNALİ -> İZMİR BORNOVA TERMİNALİ (ÖZEL) -> İZMİR BÜYÜKŞEHİR BELEDİYESİ   SELÇUK ŞEHİRLERARASI OTOBÜS TERMİNALİ -> AYDIN KUŞADASI TERMİNALİ -> AYDIN SÖKE TERMİNALİ -> AYDIN DİDİM TERMİNALİ,,,,,,170.0,1.0,2026-02-27,2026-04-14,7597.0
8885334636421622129,5028843257302172398,186,1,2,3,"[18586, 116]","[18586, 186, 116]",ANKARA YENİMAHALLE TERMİNALİ (ÖZEL),DEVELİ İZİNLİ NOKTA -> BÜYÜK İSTANBUL OTOGARI,DEVELİ İZİNLİ NOKTA -> ANKARA YENİMAHALLE TERMİNALİ (ÖZEL) -> BÜYÜK İSTANBUL OTOGARI,746.0,1.0,2023-01-01,2026-04-14,23922.0,60.0,1.0,2025-11-20,2026-04-11,1960.0
315795224765789922,5111869291867036564,125,4,5,6,"[9, 36, 147, 50, 186]","[9, 36, 147, 50, 125, 186]",AFYONKARAHİSAR MERKEZ TERMİNALİ (ÖZEL),İZMİR BORNOVA TERMİNALİ (ÖZEL) -> MANİSA TURGUTLU TERMİNALİ (ÖZEL) -> MANİSA SALİHLİ TERMİNALİ -> UŞAK MERKEZ TERMİNALİ -> ANKARA YENİMAHALLE TERMİNALİ (ÖZEL),İZMİR BORNOVA TERMİNALİ (ÖZEL) -> MANİSA TURGUTLU TERMİNALİ (ÖZEL) -> MANİSA SALİHLİ TERMİNALİ -> UŞAK MERKEZ TERMİNALİ -> AFYONKARAHİSAR MERKEZ TERMİNALİ (ÖZEL) -> ANKARA YENİMAHALLE TERMİNALİ (ÖZEL),170.0,1.0,2024-03-29,2024-09-06,5819.0,533.0,2.0,2023-01-12,2026-03-23,16453.0
8922666469529332345,5143184507055163094,94,1,6,7,"[116, 90, 9, 169, 139, 167]","[116, 94, 90, 9, 169, 139, 167]",KOCAELİ GEBZE TERMİNALİ,BÜYÜK İSTANBUL OTOGARI -> BURSA OSMANGAZİ TERMİNALİ -> İZMİR BORNOVA TERMİNALİ (ÖZEL) -> AYDIN EFELER TERMİNALİ -> MUĞLA MENTEŞE TERMİNALİ -> MUĞLA MARMARİS TERMİNALİ,BÜYÜK İSTANBUL OTOGARI -> KOCAELİ GEBZE TERMİNALİ -> BURSA OSMANGAZİ TERMİNALİ -> İZMİR BORNOVA TERMİNALİ (ÖZEL) -> AYDIN EFELER TERMİNALİ -> MUĞLA MENTEŞE TERMİNALİ -> MUĞLA MARMARİS TERMİNALİ,358.0,1.0,2023-01-01,2023-08-18,11779.0,2.0,1.0,2024-06-14,2024-06-15,67.0
11727928963514069128,5153780667101884064,51,1,3,4,"[186, 53, 162]","[186, 51, 53, 162]",ANKARA ÇANKAYA TERMİNALİ (ÖZEL),ANKARA YENİMAHALLE TERMİNALİ (ÖZEL) -> KARABÜK MERKEZ TERMİNALİ -> KARABÜK SAFRANBOLU TERMİNALİ,ANKARA YENİMAHALLE TERMİNALİ (ÖZEL) -> ANKARA ÇANKAYA TERMİNALİ (ÖZEL) -> KARABÜK MERKEZ TERMİNALİ -> KARABÜK SAFRANBOLU TERMİNALİ,,,,,,3.0,1.0,2025-02-06,2025-08-30,17.0
9744687156199902162,5192588951846601860,78,1,5,6,"[116, 94, 90, 184, 9]","[116, 78, 94, 90, 184, 9]",İSTANBUL EYÜP-ALİBEYKÖY YOLCU TERMALİ  (ÖZEL),BÜYÜK İSTANBUL OTOGARI -> KOCAELİ GEBZE TERMİNALİ -> BURSA OSMANGAZİ TERMİNALİ -> MANİSA ŞEHZADELER TERMİNALİ -> İZMİR BORNOVA TERMİNALİ (ÖZEL),BÜYÜK İSTANBUL OTOGARI -> İSTANBUL EYÜP-ALİBEYKÖY YOLCU TERMALİ  (ÖZEL) -> KOCAELİ GEBZE TERMİNALİ -> BURSA OSMANGAZİ TERMİNALİ -> MANİSA ŞEHZADELER TERMİNALİ -> İZMİR BORNOVA TERMİNALİ (ÖZEL),845.0,2.0,2023-06-14,2025-12-07,28880.0,87.0,1.0,2026-02-28,2026-04-14,3561.0
15707307836727237541,5192588951846601860,184,4,5,6,"[116, 78, 94, 90, 9]","[116, 78, 94, 90, 184, 9]",MANİSA ŞEHZADELER TERMİNALİ,BÜYÜK İSTANBUL OTOGARI -> İSTANBUL EYÜP-ALİBEYKÖY YOLCU TERMALİ  (ÖZEL) -> KOCAELİ GEBZE TERMİNALİ -> BURSA OSMANGAZİ TERMİNALİ -> İZMİR BORNOVA TERMİNALİ (ÖZEL),BÜYÜK İSTANBUL OTOGARI -> İSTANBUL EYÜP-ALİBEYKÖY YOLCU TERMALİ  (ÖZEL) -> KOCAELİ GEBZE TERMİNALİ -> BURSA OSMANGAZİ TERMİNALİ -> MANİSA ŞEHZADELER TERMİNALİ -> İZMİR BORNOVA TERMİNALİ (ÖZEL),1191.0,4.0,2023-04-19,2026-03-24,48123.0,87.0,1.0,2026-02-28,2026-04-14,3561.0
13116503213373031448,5206530889197608469,14238,11,12,13,"[118, 1406, 3000, 176, 93, 28, 60, 6, 44, 1667, 115, 99]","[118, 1406, 3000, 176, 93, 28, 60, 6, 44, 1667, 115, 14238, 99]",ERDEMLİ İZİNLİ NOKTA,TRABZON ORTAHİSAR TERMİNALİ -> GÜMÜŞHANE TORUL IZINLI NOKTA -> GÜMÜŞHANE BELEDİYE TERMİNALİ -> GÜMÜŞHANE KELKİT TERMİNALİ -> ERZİNCAN MERKEZ TERMİNALİ (ÖZEL) -> SİVAS MERKEZ TERMİNALİ -> KAYSERİ BÜYÜKŞEHİR ŞEHİRLERARASI VE İLÇELER OTOGARI -> NİĞDE MERKEZ TERMİNALİ (ÖZEL) -> ADANA SEYHAN TERMİNALİ -> TARSUS BELEDİYESİ OTOGAR MÜDÜRLÜĞÜ TAŞTİ -> MERSİN TOROSLAR TERMİNALİ -> MERSİN SİLİFKE TERMİNALİ,TRABZON ORTAHİSAR TERMİNALİ -> GÜMÜŞHANE TORUL IZINLI NOKTA -> GÜMÜŞHANE BELEDİYE TERMİNALİ -> GÜMÜŞHANE KELKİT TERMİNALİ -> ERZİNCAN MERKEZ TERMİNALİ (ÖZEL) -> SİVAS MERKEZ TERMİNALİ -> KAYSERİ BÜYÜKŞEHİR ŞEHİRLERARASI VE İLÇELER OTOGARI -> NİĞDE MERKEZ TERMİNALİ (ÖZEL) -> ADANA SEYHAN TERMİNALİ -> TARSUS BELEDİYESİ OTOGAR MÜDÜRLÜĞÜ TAŞTİ -> MERSİN TOROSLAR TERMİNALİ -> ERDEMLİ İZİNLİ NOKTA -> MERSİN SİLİFKE TERMİNALİ,3257.0,1.0,2023-01-01,2025-09-23,158644.0,546.0,1.0,2025-09-23,2026-04-14,24764.0
13088940769379483865,5222750924515443134,188,1,4,5,"[116, 1719, 716, 708]","[116, 188, 1719, 716, 708]",TEKİRDAĞ ÇORLU TERMİNALİ,BÜYÜK İSTANBUL OTOGARI -> KAPIKULE SINIR KAPISI -> KIRCALI -> HASKOVA,BÜYÜK İSTANBUL OTOGARI -> TEKİRDAĞ ÇORLU TERMİNALİ -> KAPIKULE SINIR KAPISI -> KIRCALI -> HASKOVA,,,,,,866.0,1.0,2023-01-02,2026-04-14,11715.0
11973599825301914861,5254212226809338032,9179,1,3,4,"[128, 129, 186]","[128, 9179, 129, 186]",ILGAZ,KASTAMONU MERKEZ TERMİNALİ -> ÇANKIRI BELEDİYE BAŞKANLIĞI TERMİNALİ -> ANKARA YENİMAHALLE TERMİNALİ (ÖZEL),KASTAMONU MERKEZ TERMİNALİ -> ILGAZ -> ÇANKIRI BELEDİYE BAŞKANLIĞI TERMİNALİ -> ANKARA YENİMAHALLE TERMİNALİ (ÖZEL),9.0,1.0,2025-09-27,2026-03-13,160.0,18698.0,1.0,2023-01-01,2026-04-14,591890.0
12573832709872336109,5293919826288600203,1316,2,4,5,"[177, 128, 129, 186]","[177, 128, 1316, 129, 186]",,KASTAMONU TAŞKÖPRÜ TERMİNALİ -> KASTAMONU MERKEZ TERMİNALİ -> ÇANKIRI BELEDİYE BAŞKANLIĞI TERMİNALİ -> ANKARA YENİMAHALLE TERMİNALİ (ÖZEL),KASTAMONU TAŞKÖPRÜ TERMİNALİ -> KASTAMONU MERKEZ TERMİNALİ -> 1316 -> ÇANKIRI BELEDİYE BAŞKANLIĞI TERMİNALİ -> ANKARA YENİMAHALLE TERMİNALİ (ÖZEL),8833.0,1.0,2023-03-13,2026-04-14,253910.0,595.0,1.0,2024-03-10,2024-10-31,18704.0
17339113576486211406,5422496352934040285,7037,1,2,3,"[155, 1030]","[155, 7037, 1030]",SAKARYA BÜYÜKŞEHİR BELEDİYESİ ARİFİYE TERMİNALİ,İSTANBUL ÜSKÜDAR TERMİNALİ -> KARASU BELEDİYE BAŞKANLIĞI,İSTANBUL ÜSKÜDAR TERMİNALİ -> SAKARYA BÜYÜKŞEHİR BELEDİYESİ ARİFİYE TERMİNALİ -> KARASU BELEDİYE BAŞKANLIĞI,118.0,1.0,2023-01-12,2026-01-29,570.0,1463.0,1.0,2025-03-28,2026-04-12,31719.0
13781910128051485609,5520733459870003634,94,1,4,5,"[116, 9, 169, 19576]","[116, 94, 9, 169, 19576]",KOCAELİ GEBZE TERMİNALİ,BÜYÜK İSTANBUL OTOGARI -> İZMİR BORNOVA TERMİNALİ (ÖZEL) -> AYDIN EFELER TERMİNALİ -> NAZİLLİ YOLCU TERMİNALİ,BÜYÜK İSTANBUL OTOGARI -> KOCAELİ GEBZE TERMİNALİ -> İZMİR BORNOVA TERMİNALİ (ÖZEL) -> AYDIN EFELER TERMİNALİ -> NAZİLLİ YOLCU TERMİNALİ,,,,,,,,,,
1526040333294945389,5524598826518689840,21020,10,21,22,"[171, 168, 144, 246, 169, 19576, 120, 1014, 160, 19, 22250, 20150, 105, 63, 21768, 91, 2593, 25, 60, 217, 28]","[171, 168, 144, 246, 169, 19576, 120, 1014, 160, 19, 21020, 22250, 20150, 105, 63, 21768, 91, 2593, 25, 60, 217, 28]",EĞİRDİR İZİNLİ NOKTA,MUĞLA BODRUM TERMİNALİ -> MUĞLA MİLAS TERMİNALİ -> MUĞLA YATAĞAN TERMİNALİ -> AYDIN ÇİNE TERMİNALİ -> AYDIN EFELER TERMİNALİ -> NAZİLLİ YOLCU TERMİNALİ -> SARAYKÖY YOLCU TERMİNALİ -> DENİZLİ BÜYÜKŞEHİR BELEDİYE BAŞKANLIĞI   -> AFYONKARAHİSAR DİNAR TERMİNALİ -> ISPARTA MERKEZ TERMİNALİ -> ŞARKIKARAAĞAÇ İZİNLİ NOKTA -> BEYŞEHİR OTOBÜS TERMİNALİ -> KONYA SELÇUKLU TERMİNALİ -> AKSARAY MERKEZ TERMİNALİ -> ACIGÖL İZİNLİ NOKTA -> NEVŞEHİR MERKEZ TERMİNALİ (ÖZEL) -> NEVŞEHİR - MERKEZ - GÖREME İZİNLİ NOKTA -> NEVŞEHİR AVANOS TERMİNALİ -> KAYSERİ BÜYÜKŞEHİR ŞEHİRLERARASI VE İLÇELER OTOGARI -> SİVAS ŞARKIŞLA TERMİNALİ -> SİVAS MERKEZ TERMİNALİ,MUĞLA BODRUM TERMİNALİ -> MUĞLA MİLAS TERMİNALİ -> MUĞLA YATAĞAN TERMİNALİ -> AYDIN ÇİNE TERMİNALİ -> AYDIN EFELER TERMİNALİ -> NAZİLLİ YOLCU TERMİNALİ -> SARAYKÖY YOLCU TERMİNALİ -> DENİZLİ BÜYÜKŞEHİR BELEDİYE BAŞKANLIĞI   -> AFYONKARAHİSAR DİNAR TERMİNALİ -> ISPARTA MERKEZ TERMİNALİ -> EĞİRDİR İZİNLİ NOKTA -> ŞARKIKARAAĞAÇ İZİNLİ NOKTA -> BEYŞEHİR OTOBÜS TERMİNALİ -> KONYA SELÇUKLU TERMİNALİ -> AKSARAY MERKEZ TERMİNALİ -> ACIGÖL İZİNLİ NOKTA -> NEVŞEHİR MERKEZ TERMİNALİ (ÖZEL) -> NEVŞEHİR - MERKEZ - GÖREME İZİNLİ NOKTA -> NEVŞEHİR AVANOS TERMİNALİ -> KAYSERİ BÜYÜKŞEHİR ŞEHİRLERARASI VE İLÇELER OTOGARI -> SİVAS ŞARKIŞLA TERMİNALİ -> SİVAS MERKEZ TERMİNALİ,,,,,,226.0,1.0,2025-09-24,2026-03-14,11289.0
15266845689134693876,5627466813355151634,188,3,4,5,"[78, 116, 3133, 1016]","[78, 116, 3133, 188, 1016]",TEKİRDAĞ ÇORLU TERMİNALİ,İSTANBUL EYÜP-ALİBEYKÖY YOLCU TERMALİ  (ÖZEL) -> BÜYÜK İSTANBUL OTOGARI -> SİLİVRİ BELEDİYE BAŞKANLIĞI -> UZUNKÖPRÜ BELEDİYESİ,İSTANBUL EYÜP-ALİBEYKÖY YOLCU TERMALİ  (ÖZEL) -> BÜYÜK İSTANBUL OTOGARI -> SİLİVRİ BELEDİYE BAŞKANLIĞI -> TEKİRDAĞ ÇORLU TERMİNALİ -> UZUNKÖPRÜ BELEDİYESİ,35.0,1.0,2025-06-08,2025-07-07,364.0,43.0,1.0,2025-06-05,2025-11-02,474.0
638680913592882716,5679143080100425526,62,4,8,9,"[1453, 1031, 110, 158, 186, 22, 1051, 90]","[1453, 1031, 110, 158, 62, 186, 22, 1051, 90]",ÇORUM SUNGURLU TERMİNALİ,SAMSUN VEZİRKÖPRÜ IZINLI NOKTA -> HAVZA ŞEHİRLERARASI OTOBÜS TERMİNALİ -> MERZİFON ŞEHİRLER ARASI YOLCU TERMİNALİ -> ÇORUM MERKEZ TERMİNALİ -> ANKARA YENİMAHALLE TERMİNALİ (ÖZEL) -> ESKİŞEHİR TEPEBAŞI TERMİNALİ -> İNEGÖL ŞEHİRLER ARASI OTOBÜS TERMİNALİ -> BURSA OSMANGAZİ TERMİNALİ,SAMSUN VEZİRKÖPRÜ IZINLI NOKTA -> HAVZA ŞEHİRLERARASI OTOBÜS TERMİNALİ -> MERZİFON ŞEHİRLER ARASI YOLCU TERMİNALİ -> ÇORUM MERKEZ TERMİNALİ -> ÇORUM SUNGURLU TERMİNALİ -> ANKARA YENİMAHALLE TERMİNALİ (ÖZEL) -> ESKİŞEHİR TEPEBAŞI TERMİNALİ -> İNEGÖL ŞEHİRLER ARASI OTOBÜS TERMİNALİ -> BURSA OSMANGAZİ TERMİNALİ,2486.0,1.0,2023-01-01,2026-04-14,40265.0,2357.0,1.0,2023-01-01,2026-04-14,50898.0
15044625034610342993,5716400982925375571,14238,5,6,7,"[60, 6, 1667, 115, 13009, 99]","[60, 6, 1667, 115, 13009, 14238, 99]",ERDEMLİ İZİNLİ NOKTA,KAYSERİ BÜYÜKŞEHİR ŞEHİRLERARASI VE İLÇELER OTOGARI -> NİĞDE MERKEZ TERMİNALİ (ÖZEL) -> TARSUS BELEDİYESİ OTOGAR MÜDÜRLÜĞÜ TAŞTİ -> MERSİN TOROSLAR TERMİNALİ -> ERDEMLİ -> MERSİN SİLİFKE TERMİNALİ,KAYSERİ BÜYÜKŞEHİR ŞEHİRLERARASI VE İLÇELER OTOGARI -> NİĞDE MERKEZ TERMİNALİ (ÖZEL) -> TARSUS BELEDİYESİ OTOGAR MÜDÜRLÜĞÜ TAŞTİ -> MERSİN TOROSLAR TERMİNALİ -> ERDEMLİ -> ERDEMLİ İZİNLİ NOKTA -> MERSİN SİLİFKE TERMİNALİ,2553.0,1.0,2023-01-01,2025-09-30,60975.0,1314.0,1.0,2023-04-20,2026-04-14,37871.0
15707307836727237541,5802818655709929787,136,4,5,6,"[116, 78, 94, 90, 9]","[116, 78, 94, 90, 136, 9]",BALIKESİR MERKEZ TERMİNALİ,BÜYÜK İSTANBUL OTOGARI -> İSTANBUL EYÜP-ALİBEYKÖY YOLCU TERMALİ  (ÖZEL) -> KOCAELİ GEBZE TERMİNALİ -> BURSA OSMANGAZİ TERMİNALİ -> İZMİR BORNOVA TERMİNALİ (ÖZEL),BÜYÜK İSTANBUL OTOGARI -> İSTANBUL EYÜP-ALİBEYKÖY YOLCU TERMALİ  (ÖZEL) -> KOCAELİ GEBZE TERMİNALİ -> BURSA OSMANGAZİ TERMİNALİ -> BALIKESİR MERKEZ TERMİNALİ -> İZMİR BORNOVA TERMİNALİ (ÖZEL),1191.0,4.0,2023-04-19,2026-03-24,48123.0,1311.0,1.0,2023-01-01,2026-03-28,37596.0
14586217609693301404,5823393217754354726,184,15,16,17,"[216, 199, 73, 19247, 65, 18856, 7037, 23, 22548, 22549, 75, 67, 123, 90, 136, 9]","[216, 199, 73, 19247, 65, 18856, 7037, 23, 22548, 22549, 75, 67, 123, 90, 136, 184, 9]",MANİSA ŞEHZADELER TERMİNALİ,ZONGULDAK ZONGULDAK-MERKEZ TERMİNALİ -> ZONGULDAK KOZLU TERMİNALİ (ÖZEL) -> ZONGULDAK EREĞLİ TERMİNALİ -> ALAPLI BELEDİYE BAŞKANLIĞI -> DÜZCE AKÇAKOCA TERMİNALİ -> DÜZCE ULAŞIM HİZMETLERİ A.Ş. (DÜZCE ŞEHİRLERARASI OTOBÜS TERMİNALİ) -> SAKARYA BÜYÜKŞEHİR BELEDİYESİ ARİFİYE TERMİNALİ -> KOCAELİ MERKEZ TERMİNALİ -> GÖLCÜK ŞEHİRLERARASI OTOBÜS TERMİNALİ -> KARAMÜRSEL ŞEHİRLERARASI OTOBÜS TERMİNALİ -> YALOVA MERKEZ TERMİNALİ (ÖZEL) -> BURSA ORHANGAZİ TERMİNALİ -> BURSA GEMLİK TERMİNALİ -> BURSA OSMANGAZİ TERMİNALİ -> BALIKESİR MERKEZ TERMİNALİ -> İZMİR BORNOVA TERMİNALİ (ÖZEL),ZONGULDAK ZONGULDAK-MERKEZ TERMİNALİ -> ZONGULDAK KOZLU TERMİNALİ (ÖZEL) -> ZONGULDAK EREĞLİ TERMİNALİ -> ALAPLI BELEDİYE BAŞKANLIĞI -> DÜZCE AKÇAKOCA TERMİNALİ -> DÜZCE ULAŞIM HİZMETLERİ A.Ş. (DÜZCE ŞEHİRLERARASI OTOBÜS TERMİNALİ) -> SAKARYA BÜYÜKŞEHİR BELEDİYESİ ARİFİYE TERMİNALİ -> KOCAELİ MERKEZ TERMİNALİ -> GÖLCÜK ŞEHİRLERARASI OTOBÜS TERMİNALİ -> KARAMÜRSEL ŞEHİRLERARASI OTOBÜS TERMİNALİ -> YALOVA MERKEZ TERMİNALİ (ÖZEL) -> BURSA ORHANGAZİ TERMİNALİ -> BURSA GEMLİK TERMİNALİ -> BURSA OSMANGAZİ TERMİNALİ -> BALIKESİR MERKEZ TERMİNALİ -> MANİSA ŞEHZADELER TERMİNALİ -> İZMİR BORNOVA TERMİNALİ (ÖZEL),202.0,1.0,2024-10-09,2026-04-04,12165.0,6.0,1.0,2026-03-26,2026-04-13,132.0
4834672671255523474,5920718714007795475,184,3,6,7,"[116, 78, 94, 9, 169, 19576]","[116, 78, 94, 184, 9, 169, 19576]",MANİSA ŞEHZADELER TERMİNALİ,BÜYÜK İSTANBUL OTOGARI -> İSTANBUL EYÜP-ALİBEYKÖY YOLCU TERMALİ  (ÖZEL) -> KOCAELİ GEBZE TERMİNALİ -> İZMİR BORNOVA TERMİNALİ (ÖZEL) -> AYDIN EFELER TERMİNALİ -> NAZİLLİ YOLCU TERMİNALİ,BÜYÜK İSTANBUL OTOGARI -> İSTANBUL EYÜP-ALİBEYKÖY YOLCU TERMALİ  (ÖZEL) -> KOCAELİ GEBZE TERMİNALİ -> MANİSA ŞEHZADELER TERMİNALİ -> İZMİR BORNOVA TERMİNALİ (ÖZEL) -> AYDIN EFELER TERMİNALİ -> NAZİLLİ YOLCU TERMİNALİ,,,,,,487.0,1.0,2025-09-10,2026-04-14,17065.0
12249141437265644521,5975625952466241883,23361,3,5,6,"[8867, 185, 225, 116, 94]","[8867, 185, 225, 23361, 116, 94]",BÜYÜKÇEKMECE TERMİNALİ,KIRKLARELİ BELEDİYESİ -> Babaeski Belediye Terminali -> KIRKLARELİ LÜLEBURGAZ TERMİNALİ -> BÜYÜK İSTANBUL OTOGARI -> KOCAELİ GEBZE TERMİNALİ,KIRKLARELİ BELEDİYESİ -> Babaeski Belediye Terminali -> KIRKLARELİ LÜLEBURGAZ TERMİNALİ -> BÜYÜKÇEKMECE TERMİNALİ -> BÜYÜK İSTANBUL OTOGARI -> KOCAELİ GEBZE TERMİNALİ,,,,,,21.0,1.0,2026-03-18,2026-03-28,282.0
10053259891921732127,6195684392748874579,17566,1,4,5,"[9529, 17536, 9197, 68]","[9529, 17566, 17536, 9197, 68]",MİDYAT İZİNLİ NOKTA,ŞIRNAK - İDİL -> MİDYAT İZİNLİ NOKTA -> MARDİN BÜYÜKŞEHİR BELEDİYE BAŞKANLIĞI OTOBÜS TERMİNALİ -> DİYARBAKIR / TERMİNALİ,ŞIRNAK - İDİL -> MİDYAT İZİNLİ NOKTA -> MİDYAT İZİNLİ NOKTA -> MARDİN BÜYÜKŞEHİR BELEDİYE BAŞKANLIĞI OTOBÜS TERMİNALİ -> DİYARBAKIR / TERMİNALİ,88.0,1.0,2025-02-08,2025-10-15,530.0,1534.0,1.0,2023-01-05,2026-04-14,10795.0
1764195213122333894,6198513454170424858,153,2,9,10,"[9533, 9532, 1451, 1031, 110, 158, 62, 98, 186]","[9533, 9532, 153, 1451, 1031, 110, 158, 62, 98, 186]",SAMSUN İLKADIM TERMİNALİ (ÖZEL),BAFRA ŞEHİRLERARASI OTOBÜS TERMİNALİ -> SAMSUN YUSUF ZİYA YILMAZ ŞEHİRLER ARASI OTOBÜS TERMİNALİ -> SAMSUN KAVAK IZINLI NOKTA -> HAVZA ŞEHİRLERARASI OTOBÜS TERMİNALİ -> MERZİFON ŞEHİRLER ARASI YOLCU TERMİNALİ -> ÇORUM MERKEZ TERMİNALİ -> ÇORUM SUNGURLU TERMİNALİ -> KIRIKKALE OTOBÜS TERMİNALİ -> ANKARA YENİMAHALLE TERMİNALİ (ÖZEL),BAFRA ŞEHİRLERARASI OTOBÜS TERMİNALİ -> SAMSUN YUSUF ZİYA YILMAZ ŞEHİRLER ARASI OTOBÜS TERMİNALİ -> SAMSUN İLKADIM TERMİNALİ (ÖZEL) -> SAMSUN KAVAK IZINLI NOKTA -> HAVZA ŞEHİRLERARASI OTOBÜS TERMİNALİ -> MERZİFON ŞEHİRLER ARASI YOLCU TERMİNALİ -> ÇORUM MERKEZ TERMİNALİ -> ÇORUM SUNGURLU TERMİNALİ -> KIRIKKALE OTOBÜS TERMİNALİ -> ANKARA YENİMAHALLE TERMİNALİ (ÖZEL),2355.0,1.0,2023-01-01,2026-04-05,82573.0,385.0,1.0,2023-04-14,2026-03-24,12410.0
61370006587292362,6216753171859216265,14238,10,17,18,"[68, 172, 77, 80, 1448, 102, 20026, 44, 1667, 115, 99, 32, 23178, 3001, 195, 154, 200]","[68, 172, 77, 80, 1448, 102, 20026, 44, 1667, 115, 14238, 99, 32, 23178, 3001, 195, 154, 200]",ERDEMLİ İZİNLİ NOKTA,DİYARBAKIR / TERMİNALİ -> ŞANLIURFA SİVEREK TERMİNALİ (ÖZEL) -> ŞANLIURFA KARAKÖPRÜ TERMİNALİ (ÖZEL) -> GAZİANTEP ŞEHİTKAMİL TERMİNALİ (ÖZEL) -> DÜZİÇİ BELEDİYESİ OTOGARI -> OSMANİYE MERKEZ TERMİNALİ -> CEYHAN OTOGARI -> ADANA SEYHAN TERMİNALİ -> TARSUS BELEDİYESİ OTOGAR MÜDÜRLÜĞÜ TAŞTİ -> MERSİN TOROSLAR TERMİNALİ -> MERSİN SİLİFKE TERMİNALİ -> MERSİN ANAMUR TERMİNALİ -> GAZİPAŞA İZİNLİ NOKTA	 -> ALANYA İLÇESİ ŞEHİRLERARASI OTOBÜS TERMİNALİ -> ANTALYA MANAVGAT TERMİNALİ (ÖZEL) -> ANTALYA SERİK TERMİNALİ (ÖZEL) -> ANTALYA KEPEZ TERMİNALİ (ÖZEL),DİYARBAKIR / TERMİNALİ -> ŞANLIURFA SİVEREK TERMİNALİ (ÖZEL) -> ŞANLIURFA KARAKÖPRÜ TERMİNALİ (ÖZEL) -> GAZİANTEP ŞEHİTKAMİL TERMİNALİ (ÖZEL) -> DÜZİÇİ BELEDİYESİ OTOGARI -> OSMANİYE MERKEZ TERMİNALİ -> CEYHAN OTOGARI -> ADANA SEYHAN TERMİNALİ -> TARSUS BELEDİYESİ OTOGAR MÜDÜRLÜĞÜ TAŞTİ -> MERSİN TOROSLAR TERMİNALİ -> ERDEMLİ İZİNLİ NOKTA -> MERSİN SİLİFKE TERMİNALİ -> MERSİN ANAMUR TERMİNALİ -> GAZİPAŞA İZİNLİ NOKTA	 -> ALANYA İLÇESİ ŞEHİRLERARASI OTOBÜS TERMİNALİ -> ANTALYA MANAVGAT TERMİNALİ (ÖZEL) -> ANTALYA SERİK TERMİNALİ (ÖZEL) -> ANTALYA KEPEZ TERMİNALİ (ÖZEL),,,,,,6.0,1.0,2025-10-08,2026-01-07,180.0
12294026955900042805,6385261095417637169,19576,2,4,5,"[9, 169, 57, 200]","[9, 169, 19576, 57, 200]",NAZİLLİ YOLCU TERMİNALİ,İZMİR BORNOVA TERMİNALİ (ÖZEL) -> AYDIN EFELER TERMİNALİ -> DENİZLİ PAMUKKALE TERMİNALİ -> ANTALYA KEPEZ TERMİNALİ (ÖZEL),İZMİR BORNOVA TERMİNALİ (ÖZEL) -> AYDIN EFELER TERMİNALİ -> NAZİLLİ YOLCU TERMİNALİ -> DENİZLİ PAMUKKALE TERMİNALİ -> ANTALYA KEPEZ TERMİNALİ (ÖZEL),137.0,1.0,2023-04-15,2025-01-18,4397.0,,,,,
14469113158180186505,6426808213538570200,3003,2,3,4,"[145, 121, 9]","[145, 121, 3003, 9]",AYDIN KUŞADASI TERMİNALİ,AYDIN DİDİM TERMİNALİ -> AYDIN SÖKE TERMİNALİ -> İZMİR BORNOVA TERMİNALİ (ÖZEL),AYDIN DİDİM TERMİNALİ -> AYDIN SÖKE TERMİNALİ -> AYDIN KUŞADASI TERMİNALİ -> İZMİR BORNOVA TERMİNALİ (ÖZEL),19248.0,2.0,2023-01-01,2026-04-14,408884.0,3209.0,1.0,2023-01-01,2026-03-20,108768.0
7133072503206030410,6511384824732395154,206,1,2,3,"[23361, 103]","[23361, 206, 103]",TEKİRDAĞ SÜLEYMANPAŞA TERMİNALİ,BÜYÜKÇEKMECE TERMİNALİ -> EDİRNE KEŞAN TERMİNALİ,BÜYÜKÇEKMECE TERMİNALİ -> TEKİRDAĞ SÜLEYMANPAŞA TERMİNALİ -> EDİRNE KEŞAN TERMİNALİ,,,,,,286.0,1.0,2026-01-14,2026-04-01,703.0
1764195213122333894,6569831392973774549,51,8,9,10,"[9533, 9532, 1451, 1031, 110, 158, 62, 98, 186]","[9533, 9532, 1451, 1031, 110, 158, 62, 98, 51, 186]",ANKARA ÇANKAYA TERMİNALİ (ÖZEL),BAFRA ŞEHİRLERARASI OTOBÜS TERMİNALİ -> SAMSUN YUSUF ZİYA YILMAZ ŞEHİRLER ARASI OTOBÜS TERMİNALİ -> SAMSUN KAVAK IZINLI NOKTA -> HAVZA ŞEHİRLERARASI OTOBÜS TERMİNALİ -> MERZİFON ŞEHİRLER ARASI YOLCU TERMİNALİ -> ÇORUM MERKEZ TERMİNALİ -> ÇORUM SUNGURLU TERMİNALİ -> KIRIKKALE OTOBÜS TERMİNALİ -> ANKARA YENİMAHALLE TERMİNALİ (ÖZEL),BAFRA ŞEHİRLERARASI OTOBÜS TERMİNALİ -> SAMSUN YUSUF ZİYA YILMAZ ŞEHİRLER ARASI OTOBÜS TERMİNALİ -> SAMSUN KAVAK IZINLI NOKTA -> HAVZA ŞEHİRLERARASI OTOBÜS TERMİNALİ -> MERZİFON ŞEHİRLER ARASI YOLCU TERMİNALİ -> ÇORUM MERKEZ TERMİNALİ -> ÇORUM SUNGURLU TERMİNALİ -> KIRIKKALE OTOBÜS TERMİNALİ -> ANKARA ÇANKAYA TERMİNALİ (ÖZEL) -> ANKARA YENİMAHALLE TERMİNALİ (ÖZEL),2355.0,1.0,2023-01-01,2026-04-05,82573.0,4850.0,1.0,2023-01-01,2026-04-14,168332.0
14666696576826189590,6764393295224392266,742,2,3,4,"[116, 1719, 757]","[116, 1719, 742, 757]",CRAIOVA,BÜYÜK İSTANBUL OTOGARI -> KAPIKULE SINIR KAPISI -> Bükreş,BÜYÜK İSTANBUL OTOGARI -> KAPIKULE SINIR KAPISI -> CRAIOVA -> Bükreş,796.0,1.0,2023-01-02,2026-04-14,12419.0,,,,,
347996861165997572,6779054887789903725,20150,10,14,15,"[9532, 1451, 1031, 110, 158, 156, 4608, 114, 63, 105, 82, 195, 154, 200]","[9532, 1451, 1031, 110, 158, 156, 4608, 114, 63, 105, 20150, 82, 195, 154, 200]",BEYŞEHİR OTOBÜS TERMİNALİ,SAMSUN YUSUF ZİYA YILMAZ ŞEHİRLER ARASI OTOBÜS TERMİNALİ -> SAMSUN KAVAK IZINLI NOKTA -> HAVZA ŞEHİRLERARASI OTOBÜS TERMİNALİ -> MERZİFON ŞEHİRLER ARASI YOLCU TERMİNALİ -> ÇORUM MERKEZ TERMİNALİ -> YOZGAT MERKEZ TERMİNALİ -> YERKÖY TERMİNALİ -> KIRŞEHİR MERKEZ TERMİNALİ -> AKSARAY MERKEZ TERMİNALİ -> KONYA SELÇUKLU TERMİNALİ -> KONYA SEYDİŞEHİR TERMİNALİ (ÖZEL) -> ANTALYA MANAVGAT TERMİNALİ (ÖZEL) -> ANTALYA SERİK TERMİNALİ (ÖZEL) -> ANTALYA KEPEZ TERMİNALİ (ÖZEL),SAMSUN YUSUF ZİYA YILMAZ ŞEHİRLER ARASI OTOBÜS TERMİNALİ -> SAMSUN KAVAK IZINLI NOKTA -> HAVZA ŞEHİRLERARASI OTOBÜS TERMİNALİ -> MERZİFON ŞEHİRLER ARASI YOLCU TERMİNALİ -> ÇORUM MERKEZ TERMİNALİ -> YOZGAT MERKEZ TERMİNALİ -> YERKÖY TERMİNALİ -> KIRŞEHİR MERKEZ TERMİNALİ -> AKSARAY MERKEZ TERMİNALİ -> KONYA SELÇUKLU TERMİNALİ -> BEYŞEHİR OTOBÜS TERMİNALİ -> KONYA SEYDİŞEHİR TERMİNALİ (ÖZEL) -> ANTALYA MANAVGAT TERMİNALİ (ÖZEL) -> ANTALYA SERİK TERMİNALİ (ÖZEL) -> ANTALYA KEPEZ TERMİNALİ (ÖZEL),,,,,,8.0,1.0,2026-03-14,2026-03-24,649.0
3113330263035313480,6878332476875134077,206,1,2,3,"[116, 103]","[116, 206, 103]",TEKİRDAĞ SÜLEYMANPAŞA TERMİNALİ,BÜYÜK İSTANBUL OTOGARI -> EDİRNE KEŞAN TERMİNALİ,BÜYÜK İSTANBUL OTOGARI -> TEKİRDAĞ SÜLEYMANPAŞA TERMİNALİ -> EDİRNE KEŞAN TERMİNALİ,,,,,,987.0,1.0,2025-05-21,2026-03-26,11919.0
8177861270027462960,6899156886767729171,225,1,2,3,"[127, 188]","[127, 225, 188]",KIRKLARELİ LÜLEBURGAZ TERMİNALİ,EDİRNE BELEDİYESİ -> TEKİRDAĞ ÇORLU TERMİNALİ,EDİRNE BELEDİYESİ -> KIRKLARELİ LÜLEBURGAZ TERMİNALİ -> TEKİRDAĞ ÇORLU TERMİNALİ,,,,,,16851.0,1.0,2023-01-01,2026-04-14,77903.0
10771616424954764512,6998733151884096591,121,5,7,8,"[116, 78, 94, 90, 9, 168, 171]","[116, 78, 94, 90, 9, 121, 168, 171]",AYDIN SÖKE TERMİNALİ,BÜYÜK İSTANBUL OTOGARI -> İSTANBUL EYÜP-ALİBEYKÖY YOLCU TERMALİ  (ÖZEL) -> KOCAELİ GEBZE TERMİNALİ -> BURSA OSMANGAZİ TERMİNALİ -> İZMİR BORNOVA TERMİNALİ (ÖZEL) -> MUĞLA MİLAS TERMİNALİ -> MUĞLA BODRUM TERMİNALİ,BÜYÜK İSTANBUL OTOGARI -> İSTANBUL EYÜP-ALİBEYKÖY YOLCU TERMALİ  (ÖZEL) -> KOCAELİ GEBZE TERMİNALİ -> BURSA OSMANGAZİ TERMİNALİ -> İZMİR BORNOVA TERMİNALİ (ÖZEL) -> AYDIN SÖKE TERMİNALİ -> MUĞLA MİLAS TERMİNALİ -> MUĞLA BODRUM TERMİNALİ,557.0,1.0,2024-05-19,2025-09-14,24451.0,92.0,1.0,2023-08-25,2024-05-16,3896.0
14636892755957961000,7095470012969054085,184,7,9,10,"[57, 120, 187, 148, 149, 147, 36, 9, 169]","[57, 120, 187, 148, 149, 147, 36, 184, 9, 169]",MANİSA ŞEHZADELER TERMİNALİ,DENİZLİ PAMUKKALE TERMİNALİ -> SARAYKÖY YOLCU TERMİNALİ -> DENİZLİ BULDAN TERMİNALİ -> MANİSA SARIGÖL TERMİNALİ -> MANİSA ALAŞEHİR TERMİNALİ -> MANİSA SALİHLİ TERMİNALİ -> MANİSA TURGUTLU TERMİNALİ (ÖZEL) -> İZMİR BORNOVA TERMİNALİ (ÖZEL) -> AYDIN EFELER TERMİNALİ,DENİZLİ PAMUKKALE TERMİNALİ -> SARAYKÖY YOLCU TERMİNALİ -> DENİZLİ BULDAN TERMİNALİ -> MANİSA SARIGÖL TERMİNALİ -> MANİSA ALAŞEHİR TERMİNALİ -> MANİSA SALİHLİ TERMİNALİ -> MANİSA TURGUTLU TERMİNALİ (ÖZEL) -> MANİSA ŞEHZADELER TERMİNALİ -> İZMİR BORNOVA TERMİNALİ (ÖZEL) -> AYDIN EFELER TERMİNALİ,,,,,,,,,,
8960932212590771191,7142746209996185780,78,1,3,4,"[116, 90, 9]","[116, 78, 90, 9]",İSTANBUL EYÜP-ALİBEYKÖY YOLCU TERMALİ  (ÖZEL),BÜYÜK İSTANBUL OTOGARI -> BURSA OSMANGAZİ TERMİNALİ -> İZMİR BORNOVA TERMİNALİ (ÖZEL),BÜYÜK İSTANBUL OTOGARI -> İSTANBUL EYÜP-ALİBEYKÖY YOLCU TERMALİ  (ÖZEL) -> BURSA OSMANGAZİ TERMİNALİ -> İZMİR BORNOVA TERMİNALİ (ÖZEL),83.0,1.0,2023-09-27,2025-08-29,2680.0,1170.0,1.0,2024-06-14,2026-03-30,42574.0
1261257799110492341,7165625763585328022,20150,4,7,8,"[162, 53, 186, 105, 82, 195, 3001]","[162, 53, 186, 105, 20150, 82, 195, 3001]",BEYŞEHİR OTOBÜS TERMİNALİ,KARABÜK SAFRANBOLU TERMİNALİ -> KARABÜK MERKEZ TERMİNALİ -> ANKARA YENİMAHALLE TERMİNALİ (ÖZEL) -> KONYA SELÇUKLU TERMİNALİ -> KONYA SEYDİŞEHİR TERMİNALİ (ÖZEL) -> ANTALYA MANAVGAT TERMİNALİ (ÖZEL) -> ALANYA İLÇESİ ŞEHİRLERARASI OTOBÜS TERMİNALİ,KARABÜK SAFRANBOLU TERMİNALİ -> KARABÜK MERKEZ TERMİNALİ -> ANKARA YENİMAHALLE TERMİNALİ (ÖZEL) -> KONYA SELÇUKLU TERMİNALİ -> BEYŞEHİR OTOBÜS TERMİNALİ -> KONYA SEYDİŞEHİR TERMİNALİ (ÖZEL) -> ANTALYA MANAVGAT TERMİNALİ (ÖZEL) -> ALANYA İLÇESİ ŞEHİRLERARASI OTOBÜS TERMİNALİ,,,,,,54.0,1.0,2025-07-24,2025-09-01,2611.0
3118410657857754389,7286633687289865257,17386,1,3,4,"[60, 19366, 80]","[60, 17386, 19366, 80]",GÖKSUN BELEDİYESİ,KAYSERİ BÜYÜKŞEHİR ŞEHİRLERARASI VE İLÇELER OTOGARI -> KAHRAMANMARAŞ YOLCU TERMİNALİ -> GAZİANTEP ŞEHİTKAMİL TERMİNALİ (ÖZEL),KAYSERİ BÜYÜKŞEHİR ŞEHİRLERARASI VE İLÇELER OTOGARI -> GÖKSUN BELEDİYESİ -> KAHRAMANMARAŞ YOLCU TERMİNALİ -> GAZİANTEP ŞEHİTKAMİL TERMİNALİ (ÖZEL),,,,,,139.0,1.0,2024-04-04,2026-03-23,3390.0
4218288191718877756,7353569338694007252,98,3,4,5,"[16906, 202, 156, 186]","[16906, 202, 156, 98, 186]",KIRIKKALE OTOBÜS TERMİNALİ,ZİLE BELEDİYE BAŞKANLIĞI -> YOZGAT SORGUN TERMİNALİ -> YOZGAT MERKEZ TERMİNALİ -> ANKARA YENİMAHALLE TERMİNALİ (ÖZEL),ZİLE BELEDİYE BAŞKANLIĞI -> YOZGAT SORGUN TERMİNALİ -> YOZGAT MERKEZ TERMİNALİ -> KIRIKKALE OTOBÜS TERMİNALİ -> ANKARA YENİMAHALLE TERMİNALİ (ÖZEL),87.0,1.0,2025-10-19,2026-04-12,1557.0,9.0,1.0,2025-12-15,2025-12-21,86.0
6899156886767729171,7417761107596408219,185,1,3,4,"[127, 225, 188]","[127, 185, 225, 188]",Babaeski Belediye Terminali,EDİRNE BELEDİYESİ -> KIRKLARELİ LÜLEBURGAZ TERMİNALİ -> TEKİRDAĞ ÇORLU TERMİNALİ,EDİRNE BELEDİYESİ -> Babaeski Belediye Terminali -> KIRKLARELİ LÜLEBURGAZ TERMİNALİ -> TEKİRDAĞ ÇORLU TERMİNALİ,16851.0,1.0,2023-01-01,2026-04-14,77903.0,67100.0,1.0,2023-01-01,2026-04-14,508281.0
13811711882698059958,7527365159990069062,69,1,6,7,"[186, 7037, 23, 94, 78, 116]","[186, 69, 7037, 23, 94, 78, 116]",BOLU MERKEZ TERMİNALİ (ÖZEL),ANKARA YENİMAHALLE TERMİNALİ (ÖZEL) -> SAKARYA BÜYÜKŞEHİR BELEDİYESİ ARİFİYE TERMİNALİ -> KOCAELİ MERKEZ TERMİNALİ -> KOCAELİ GEBZE TERMİNALİ -> İSTANBUL EYÜP-ALİBEYKÖY YOLCU TERMALİ  (ÖZEL) -> BÜYÜK İSTANBUL OTOGARI,ANKARA YENİMAHALLE TERMİNALİ (ÖZEL) -> BOLU MERKEZ TERMİNALİ (ÖZEL) -> SAKARYA BÜYÜKŞEHİR BELEDİYESİ ARİFİYE TERMİNALİ -> KOCAELİ MERKEZ TERMİNALİ -> KOCAELİ GEBZE TERMİNALİ -> İSTANBUL EYÜP-ALİBEYKÖY YOLCU TERMALİ  (ÖZEL) -> BÜYÜK İSTANBUL OTOGARI,179.0,2.0,2024-06-13,2026-03-19,4057.0,1.0,1.0,2026-04-03,2026-04-03,45.0
15743089952113918624,7599680855409584488,14807,8,10,11,"[116, 78, 94, 90, 136, 1652, 1081, 9287, 81, 212]","[116, 78, 94, 90, 136, 1652, 1081, 9287, 14807, 81, 212]",SARIMSAKLI ŞEHİRLERARASI OTOBÜS TERMİNALİ,BÜYÜK İSTANBUL OTOGARI -> İSTANBUL EYÜP-ALİBEYKÖY YOLCU TERMALİ  (ÖZEL) -> KOCAELİ GEBZE TERMİNALİ -> BURSA OSMANGAZİ TERMİNALİ -> BALIKESİR MERKEZ TERMİNALİ -> EDREMİT ŞEHİRLERARASI OTOBÜS TERMİNALİ -> BURHANİYE ŞEHİRLERARASI OTOBÜS TERMİNALİ -> ALTINOVA ŞEHİRLEARASI OTOBÜS TERMİNALİ -> BALIKESİR AYVALIK TERMİNALİ (ÖZEL) -> İZMİR DİKİLİ(ÇANDARLI) TERMİNALİ,BÜYÜK İSTANBUL OTOGARI -> İSTANBUL EYÜP-ALİBEYKÖY YOLCU TERMALİ  (ÖZEL) -> KOCAELİ GEBZE TERMİNALİ -> BURSA OSMANGAZİ TERMİNALİ -> BALIKESİR MERKEZ TERMİNALİ -> EDREMİT ŞEHİRLERARASI OTOBÜS TERMİNALİ -> BURHANİYE ŞEHİRLERARASI OTOBÜS TERMİNALİ -> ALTINOVA ŞEHİRLEARASI OTOBÜS TERMİNALİ -> SARIMSAKLI ŞEHİRLERARASI OTOBÜS TERMİNALİ -> BALIKESİR AYVALIK TERMİNALİ (ÖZEL) -> İZMİR DİKİLİ(ÇANDARLI) TERMİNALİ,3042.0,1.0,2023-04-25,2026-03-24,74547.0,,,,,
8422868908989386775,7895172431355883928,3002,8,12,13,"[171, 168, 144, 139, 192, 191, 19786, 164, 200, 154, 195, 3001]","[171, 168, 144, 139, 192, 191, 19786, 164, 3002, 200, 154, 195, 3001]",ANTALYA KORKUTELİ TERMİNALİ,MUĞLA BODRUM TERMİNALİ -> MUĞLA MİLAS TERMİNALİ -> MUĞLA YATAĞAN TERMİNALİ -> MUĞLA MENTEŞE TERMİNALİ -> MUĞLA KÖYCEĞİZ TERMİNALİ -> MUĞLA ORTACA TERMİNALİ -> DALAMAN -> FETHİYE BELEDİYE BAŞKANLIĞI -> ANTALYA KEPEZ TERMİNALİ (ÖZEL) -> ANTALYA SERİK TERMİNALİ (ÖZEL) -> ANTALYA MANAVGAT TERMİNALİ (ÖZEL) -> ALANYA İLÇESİ ŞEHİRLERARASI OTOBÜS TERMİNALİ,MUĞLA BODRUM TERMİNALİ -> MUĞLA MİLAS TERMİNALİ -> MUĞLA YATAĞAN TERMİNALİ -> MUĞLA MENTEŞE TERMİNALİ -> MUĞLA KÖYCEĞİZ TERMİNALİ -> MUĞLA ORTACA TERMİNALİ -> DALAMAN -> FETHİYE BELEDİYE BAŞKANLIĞI -> ANTALYA KORKUTELİ TERMİNALİ -> ANTALYA KEPEZ TERMİNALİ (ÖZEL) -> ANTALYA SERİK TERMİNALİ (ÖZEL) -> ANTALYA MANAVGAT TERMİNALİ (ÖZEL) -> ALANYA İLÇESİ ŞEHİRLERARASI OTOBÜS TERMİNALİ,2653.0,1.0,2023-01-01,2026-04-14,109722.0,,,,,
8308490310179831431,7947350349302619611,2803,2,11,12,"[28, 217, 60, 91, 63, 105, 82, 195, 3001, 154, 200]","[28, 217, 2803, 60, 91, 63, 105, 82, 195, 3001, 154, 200]",SİVAS GEMEREK İZİNLİ NOKTA,SİVAS MERKEZ TERMİNALİ -> SİVAS ŞARKIŞLA TERMİNALİ -> KAYSERİ BÜYÜKŞEHİR ŞEHİRLERARASI VE İLÇELER OTOGARI -> NEVŞEHİR MERKEZ TERMİNALİ (ÖZEL) -> AKSARAY MERKEZ TERMİNALİ -> KONYA SELÇUKLU TERMİNALİ -> KONYA SEYDİŞEHİR TERMİNALİ (ÖZEL) -> ANTALYA MANAVGAT TERMİNALİ (ÖZEL) -> ALANYA İLÇESİ ŞEHİRLERARASI OTOBÜS TERMİNALİ -> ANTALYA SERİK TERMİNALİ (ÖZEL) -> ANTALYA KEPEZ TERMİNALİ (ÖZEL),SİVAS MERKEZ TERMİNALİ -> SİVAS ŞARKIŞLA TERMİNALİ -> SİVAS GEMEREK İZİNLİ NOKTA -> KAYSERİ BÜYÜKŞEHİR ŞEHİRLERARASI VE İLÇELER OTOGARI -> NEVŞEHİR MERKEZ TERMİNALİ (ÖZEL) -> AKSARAY MERKEZ TERMİNALİ -> KONYA SELÇUKLU TERMİNALİ -> KONYA SEYDİŞEHİR TERMİNALİ (ÖZEL) -> ANTALYA MANAVGAT TERMİNALİ (ÖZEL) -> ALANYA İLÇESİ ŞEHİRLERARASI OTOBÜS TERMİNALİ -> ANTALYA SERİK TERMİNALİ (ÖZEL) -> ANTALYA KEPEZ TERMİNALİ (ÖZEL),546.0,1.0,2025-04-17,2026-04-12,15312.0,1758.0,1.0,2023-01-01,2026-04-14,52107.0
11216420997179684717,8399174903082367526,22342,4,11,12,"[200, 1, 20, 19, 26, 125, 18796, 22, 113, 1051, 90]","[200, 1, 20, 19, 22342, 26, 125, 18796, 22, 113, 1051, 90]",KEÇİBORLU İZİNLİ NOKTA,ANTALYA KEPEZ TERMİNALİ (ÖZEL) -> BURDUR BUCAK TERMİNALİ -> BURDUR MERKEZ TERMİNALİ -> ISPARTA MERKEZ TERMİNALİ -> AFYONKARAHİSAR SANDIKLI TERMİNALİ -> AFYONKARAHİSAR MERKEZ TERMİNALİ (ÖZEL) -> KÜTAHYA ŞEHİRLERARASI OTOBÜS TERMİNALİ -> ESKİŞEHİR TEPEBAŞI TERMİNALİ -> BİLECİK BOZÜYÜK TERMİNALİ -> İNEGÖL ŞEHİRLER ARASI OTOBÜS TERMİNALİ -> BURSA OSMANGAZİ TERMİNALİ,ANTALYA KEPEZ TERMİNALİ (ÖZEL) -> BURDUR BUCAK TERMİNALİ -> BURDUR MERKEZ TERMİNALİ -> ISPARTA MERKEZ TERMİNALİ -> KEÇİBORLU İZİNLİ NOKTA -> AFYONKARAHİSAR SANDIKLI TERMİNALİ -> AFYONKARAHİSAR MERKEZ TERMİNALİ (ÖZEL) -> KÜTAHYA ŞEHİRLERARASI OTOBÜS TERMİNALİ -> ESKİŞEHİR TEPEBAŞI TERMİNALİ -> BİLECİK BOZÜYÜK TERMİNALİ -> İNEGÖL ŞEHİRLER ARASI OTOBÜS TERMİNALİ -> BURSA OSMANGAZİ TERMİNALİ,436.0,1.0,2024-10-02,2026-04-14,27020.0,523.0,1.0,2025-06-01,2026-04-14,25040.0
6487991178244665577,8410348509115116256,184,4,6,7,"[116, 78, 94, 90, 9, 169]","[116, 78, 94, 90, 184, 9, 169]",MANİSA ŞEHZADELER TERMİNALİ,BÜYÜK İSTANBUL OTOGARI -> İSTANBUL EYÜP-ALİBEYKÖY YOLCU TERMALİ  (ÖZEL) -> KOCAELİ GEBZE TERMİNALİ -> BURSA OSMANGAZİ TERMİNALİ -> İZMİR BORNOVA TERMİNALİ (ÖZEL) -> AYDIN EFELER TERMİNALİ,BÜYÜK İSTANBUL OTOGARI -> İSTANBUL EYÜP-ALİBEYKÖY YOLCU TERMALİ  (ÖZEL) -> KOCAELİ GEBZE TERMİNALİ -> BURSA OSMANGAZİ TERMİNALİ -> MANİSA ŞEHZADELER TERMİNALİ -> İZMİR BORNOVA TERMİNALİ (ÖZEL) -> AYDIN EFELER TERMİNALİ,340.0,1.0,2024-05-19,2025-11-16,14381.0,321.0,2.0,2024-05-04,2026-04-14,15664.0
2585226720753803169,8421492012494900910,5116,4,5,6,"[9, 90, 94, 78, 116]","[9, 90, 94, 78, 5116, 116]",İSTANBUL-ÜMRANİYE İZİNLİ NOKTA,İZMİR BORNOVA TERMİNALİ (ÖZEL) -> BURSA OSMANGAZİ TERMİNALİ -> KOCAELİ GEBZE TERMİNALİ -> İSTANBUL EYÜP-ALİBEYKÖY YOLCU TERMALİ  (ÖZEL) -> BÜYÜK İSTANBUL OTOGARI,İZMİR BORNOVA TERMİNALİ (ÖZEL) -> BURSA OSMANGAZİ TERMİNALİ -> KOCAELİ GEBZE TERMİNALİ -> İSTANBUL EYÜP-ALİBEYKÖY YOLCU TERMALİ  (ÖZEL) -> İSTANBUL-ÜMRANİYE İZİNLİ NOKTA -> BÜYÜK İSTANBUL OTOGARI,13.0,1.0,2023-01-01,2023-01-10,383.0,662.0,1.0,2024-12-15,2026-04-14,18133.0
15952233109032066271,8422068881761455655,3004,4,10,11,"[116, 78, 94, 90, 13758, 136, 122, 184, 9, 244]","[116, 78, 94, 90, 3004, 13758, 136, 122, 184, 9, 244]",MUSTAFAKEMALPAŞA ŞEHİRLERARASI OTOBÜS TERMİNALİ,BÜYÜK İSTANBUL OTOGARI -> İSTANBUL EYÜP-ALİBEYKÖY YOLCU TERMALİ  (ÖZEL) -> KOCAELİ GEBZE TERMİNALİ -> BURSA OSMANGAZİ TERMİNALİ -> SUSURLUK ŞEHİRLERARASI OTOBÜS TERMİNALİ -> BALIKESİR MERKEZ TERMİNALİ -> MANİSA AKHİSAR TERMİNALİ -> MANİSA ŞEHZADELER TERMİNALİ -> İZMİR BORNOVA TERMİNALİ (ÖZEL) -> İZMİR ÇEŞME TERMİNALİ,BÜYÜK İSTANBUL OTOGARI -> İSTANBUL EYÜP-ALİBEYKÖY YOLCU TERMALİ  (ÖZEL) -> KOCAELİ GEBZE TERMİNALİ -> BURSA OSMANGAZİ TERMİNALİ -> MUSTAFAKEMALPAŞA ŞEHİRLERARASI OTOBÜS TERMİNALİ -> SUSURLUK ŞEHİRLERARASI OTOBÜS TERMİNALİ -> BALIKESİR MERKEZ TERMİNALİ -> MANİSA AKHİSAR TERMİNALİ -> MANİSA ŞEHZADELER TERMİNALİ -> İZMİR BORNOVA TERMİNALİ (ÖZEL) -> İZMİR ÇEŞME TERMİNALİ,,,,,,2206.0,1.0,2023-04-13,2025-10-09,84475.0
1597854812788311736,8578332853084280516,225,1,4,5,"[127, 116, 94, 186]","[127, 225, 116, 94, 186]",KIRKLARELİ LÜLEBURGAZ TERMİNALİ,EDİRNE BELEDİYESİ -> BÜYÜK İSTANBUL OTOGARI -> KOCAELİ GEBZE TERMİNALİ -> ANKARA YENİMAHALLE TERMİNALİ (ÖZEL),EDİRNE BELEDİYESİ -> KIRKLARELİ LÜLEBURGAZ TERMİNALİ -> BÜYÜK İSTANBUL OTOGARI -> KOCAELİ GEBZE TERMİNALİ -> ANKARA YENİMAHALLE TERMİNALİ (ÖZEL),233.0,1.0,2023-01-01,2023-05-26,7627.0,1191.0,1.0,2023-05-27,2025-07-09,45899.0
5240239224096797218,8581795985406068074,79,2,5,6,"[240, 206, 185, 225, 8867]","[240, 206, 79, 185, 225, 8867]",TEKİRDAĞ MURATLI TERMİNALİ,TEKİRDAĞ ŞARKÖY TERMİNALİ -> TEKİRDAĞ SÜLEYMANPAŞA TERMİNALİ -> Babaeski Belediye Terminali -> KIRKLARELİ LÜLEBURGAZ TERMİNALİ -> KIRKLARELİ BELEDİYESİ,TEKİRDAĞ ŞARKÖY TERMİNALİ -> TEKİRDAĞ SÜLEYMANPAŞA TERMİNALİ -> TEKİRDAĞ MURATLI TERMİNALİ -> Babaeski Belediye Terminali -> KIRKLARELİ LÜLEBURGAZ TERMİNALİ -> KIRKLARELİ BELEDİYESİ,,,,,,5167.0,1.0,2025-06-04,2026-04-14,31867.0
11324218903625173938,8597143917768682682,242,1,2,3,"[57, 50]","[57, 242, 50]",DENİZLİ ÇİVRİL TERMİNALİ,DENİZLİ PAMUKKALE TERMİNALİ -> UŞAK MERKEZ TERMİNALİ,DENİZLİ PAMUKKALE TERMİNALİ -> DENİZLİ ÇİVRİL TERMİNALİ -> UŞAK MERKEZ TERMİNALİ,,,,,,4435.0,1.0,2025-01-22,2026-04-14,21073.0
7124824165019844796,8597149380980950462,1451,5,6,7,"[12, 1655, 9534, 7, 1031, 9532]","[12, 1655, 9534, 7, 1031, 1451, 9532]",SAMSUN KAVAK IZINLI NOKTA,TOKAT MERKEZ TERMİNALİ -> SAFİR OTOMOTİV TURİZ İNŞ. TEKS.AKAR. NAK.SAN.TİC.LTD. SAFİR OTOMOTİV -> AMASYA ŞEHİRLER ARASI OTOBÜS TERMİNALİ -> SULUOVA ŞEHİRLERARASI OTOBÜS TERMİNALİ  -> HAVZA ŞEHİRLERARASI OTOBÜS TERMİNALİ -> SAMSUN YUSUF ZİYA YILMAZ ŞEHİRLER ARASI OTOBÜS TERMİNALİ,TOKAT MERKEZ TERMİNALİ -> SAFİR OTOMOTİV TURİZ İNŞ. TEKS.AKAR. NAK.SAN.TİC.LTD. SAFİR OTOMOTİV -> AMASYA ŞEHİRLER ARASI OTOBÜS TERMİNALİ -> SULUOVA ŞEHİRLERARASI OTOBÜS TERMİNALİ  -> HAVZA ŞEHİRLERARASI OTOBÜS TERMİNALİ -> SAMSUN KAVAK IZINLI NOKTA -> SAMSUN YUSUF ZİYA YILMAZ ŞEHİRLER ARASI OTOBÜS TERMİNALİ,17.0,1.0,2025-11-14,2026-03-22,416.0,383.0,1.0,2025-02-08,2026-04-14,4887.0
6269984392808359751,8782950088561899550,1645,1,2,3,"[9, 3003]","[9, 1645, 3003]",İZMİR BÜYÜKŞEHİR BELEDİYESİ   SELÇUK ŞEHİRLERARASI OTOBÜS TERMİNALİ,İZMİR BORNOVA TERMİNALİ (ÖZEL) -> AYDIN KUŞADASI TERMİNALİ,İZMİR BORNOVA TERMİNALİ (ÖZEL) -> İZMİR BÜYÜKŞEHİR BELEDİYESİ   SELÇUK ŞEHİRLERARASI OTOBÜS TERMİNALİ -> AYDIN KUŞADASI TERMİNALİ,63858.0,2.0,2023-01-01,2026-04-14,598487.0,8364.0,1.0,2023-01-01,2026-04-14,198815.0
18282909954532182340,8875832058749811339,1346,3,14,15,"[77, 4876, 1395, 80, 1448, 102, 44, 1667, 115, 32, 3001, 195, 154, 200]","[77, 4876, 1395, 1346, 80, 1448, 102, 44, 1667, 115, 32, 3001, 195, 154, 200]",NİZİP OTOBÜS TERMİNALI,ŞANLIURFA KARAKÖPRÜ TERMİNALİ (ÖZEL) -> ŞANLIURFA-SURUÇ -> ŞANLIURFA BİRECİK IZINLI NOKTA -> GAZİANTEP ŞEHİTKAMİL TERMİNALİ (ÖZEL) -> DÜZİÇİ BELEDİYESİ OTOGARI -> OSMANİYE MERKEZ TERMİNALİ -> ADANA SEYHAN TERMİNALİ -> TARSUS BELEDİYESİ OTOGAR MÜDÜRLÜĞÜ TAŞTİ -> MERSİN TOROSLAR TERMİNALİ -> MERSİN ANAMUR TERMİNALİ -> ALANYA İLÇESİ ŞEHİRLERARASI OTOBÜS TERMİNALİ -> ANTALYA MANAVGAT TERMİNALİ (ÖZEL) -> ANTALYA SERİK TERMİNALİ (ÖZEL) -> ANTALYA KEPEZ TERMİNALİ (ÖZEL),ŞANLIURFA KARAKÖPRÜ TERMİNALİ (ÖZEL) -> ŞANLIURFA-SURUÇ -> ŞANLIURFA BİRECİK IZINLI NOKTA -> NİZİP OTOBÜS TERMİNALI -> GAZİANTEP ŞEHİTKAMİL TERMİNALİ (ÖZEL) -> DÜZİÇİ BELEDİYESİ OTOGARI -> OSMANİYE MERKEZ TERMİNALİ -> ADANA SEYHAN TERMİNALİ -> TARSUS BELEDİYESİ OTOGAR MÜDÜRLÜĞÜ TAŞTİ -> MERSİN TOROSLAR TERMİNALİ -> MERSİN ANAMUR TERMİNALİ -> ALANYA İLÇESİ ŞEHİRLERARASI OTOBÜS TERMİNALİ -> ANTALYA MANAVGAT TERMİNALİ (ÖZEL) -> ANTALYA SERİK TERMİNALİ (ÖZEL) -> ANTALYA KEPEZ TERMİNALİ (ÖZEL),193.0,1.0,2025-05-31,2025-09-26,7070.0,,,,,
16000426781742808617,8887244358507606015,777,3,4,5,"[118, 1721, 780, 779]","[118, 1721, 780, 777, 779]",BAZERGAN,TRABZON ORTAHİSAR TERMİNALİ -> GÜRBULAK SINIR KAPISI -> TAHRAN -> TEBRIZ,TRABZON ORTAHİSAR TERMİNALİ -> GÜRBULAK SINIR KAPISI -> TAHRAN -> BAZERGAN -> TEBRIZ,,,,,,,,,,
10288677631359601908,8895363424101113208,184,6,9,10,"[127, 116, 78, 94, 90, 9, 169, 19576, 57]","[127, 116, 78, 94, 90, 9, 184, 169, 19576, 57]",MANİSA ŞEHZADELER TERMİNALİ,EDİRNE BELEDİYESİ -> BÜYÜK İSTANBUL OTOGARI -> İSTANBUL EYÜP-ALİBEYKÖY YOLCU TERMALİ  (ÖZEL) -> KOCAELİ GEBZE TERMİNALİ -> BURSA OSMANGAZİ TERMİNALİ -> İZMİR BORNOVA TERMİNALİ (ÖZEL) -> AYDIN EFELER TERMİNALİ -> NAZİLLİ YOLCU TERMİNALİ -> DENİZLİ PAMUKKALE TERMİNALİ,EDİRNE BELEDİYESİ -> BÜYÜK İSTANBUL OTOGARI -> İSTANBUL EYÜP-ALİBEYKÖY YOLCU TERMALİ  (ÖZEL) -> KOCAELİ GEBZE TERMİNALİ -> BURSA OSMANGAZİ TERMİNALİ -> İZMİR BORNOVA TERMİNALİ (ÖZEL) -> MANİSA ŞEHZADELER TERMİNALİ -> AYDIN EFELER TERMİNALİ -> NAZİLLİ YOLCU TERMİNALİ -> DENİZLİ PAMUKKALE TERMİNALİ,1.0,1.0,2025-07-22,2025-07-22,22.0,376.0,1.0,2025-10-14,2026-04-14,25922.0
2890641247127047235,8960932212590771191,90,1,2,3,"[116, 9]","[116, 90, 9]",BURSA OSMANGAZİ TERMİNALİ,BÜYÜK İSTANBUL OTOGARI -> İZMİR BORNOVA TERMİNALİ (ÖZEL),BÜYÜK İSTANBUL OTOGARI -> BURSA OSMANGAZİ TERMİNALİ -> İZMİR BORNOVA TERMİNALİ (ÖZEL),,,,,,83.0,1.0,2023-09-27,2025-08-29,2680.0
17616786885280112249,9054015963930169965,2232,3,6,7,"[105, 20148, 20119, 1667, 44, 115]","[105, 20148, 20119, 2232, 1667, 44, 115]",ULUKIŞLA,KONYA SELÇUKLU TERMİNALİ -> KARAPINAR -> EREĞLİ -> TARSUS BELEDİYESİ OTOGAR MÜDÜRLÜĞÜ TAŞTİ -> ADANA SEYHAN TERMİNALİ -> MERSİN TOROSLAR TERMİNALİ,KONYA SELÇUKLU TERMİNALİ -> KARAPINAR -> EREĞLİ -> ULUKIŞLA -> TARSUS BELEDİYESİ OTOGAR MÜDÜRLÜĞÜ TAŞTİ -> ADANA SEYHAN TERMİNALİ -> MERSİN TOROSLAR TERMİNALİ,,,,,,4435.0,1.0,2023-01-01,2026-04-14,185632.0
8037579053371523662,9084403399255289982,25,1,4,5,"[60, 91, 63, 105]","[60, 25, 91, 63, 105]",NEVŞEHİR AVANOS TERMİNALİ,KAYSERİ BÜYÜKŞEHİR ŞEHİRLERARASI VE İLÇELER OTOGARI -> NEVŞEHİR MERKEZ TERMİNALİ (ÖZEL) -> AKSARAY MERKEZ TERMİNALİ -> KONYA SELÇUKLU TERMİNALİ,KAYSERİ BÜYÜKŞEHİR ŞEHİRLERARASI VE İLÇELER OTOGARI -> NEVŞEHİR AVANOS TERMİNALİ -> NEVŞEHİR MERKEZ TERMİNALİ (ÖZEL) -> AKSARAY MERKEZ TERMİNALİ -> KONYA SELÇUKLU TERMİNALİ,15611.0,2.0,2023-01-01,2026-04-14,480590.0,707.0,1.0,2023-01-02,2026-02-21,17195.0
12875538263365204558,9192637969431616152,123,2,11,12,"[1051, 90, 67, 22549, 75, 22548, 7037, 23, 18856, 69, 186]","[1051, 90, 123, 67, 22549, 75, 22548, 7037, 23, 18856, 69, 186]",BURSA GEMLİK TERMİNALİ,İNEGÖL ŞEHİRLER ARASI OTOBÜS TERMİNALİ -> BURSA OSMANGAZİ TERMİNALİ -> BURSA ORHANGAZİ TERMİNALİ -> KARAMÜRSEL ŞEHİRLERARASI OTOBÜS TERMİNALİ -> YALOVA MERKEZ TERMİNALİ (ÖZEL) -> GÖLCÜK ŞEHİRLERARASI OTOBÜS TERMİNALİ -> SAKARYA BÜYÜKŞEHİR BELEDİYESİ ARİFİYE TERMİNALİ -> KOCAELİ MERKEZ TERMİNALİ -> DÜZCE ULAŞIM HİZMETLERİ A.Ş. (DÜZCE ŞEHİRLERARASI OTOBÜS TERMİNALİ) -> BOLU MERKEZ TERMİNALİ (ÖZEL) -> ANKARA YENİMAHALLE TERMİNALİ (ÖZEL),İNEGÖL ŞEHİRLER ARASI OTOBÜS TERMİNALİ -> BURSA OSMANGAZİ TERMİNALİ -> BURSA GEMLİK TERMİNALİ -> BURSA ORHANGAZİ TERMİNALİ -> KARAMÜRSEL ŞEHİRLERARASI OTOBÜS TERMİNALİ -> YALOVA MERKEZ TERMİNALİ (ÖZEL) -> GÖLCÜK ŞEHİRLERARASI OTOBÜS TERMİNALİ -> SAKARYA BÜYÜKŞEHİR BELEDİYESİ ARİFİYE TERMİNALİ -> KOCAELİ MERKEZ TERMİNALİ -> DÜZCE ULAŞIM HİZMETLERİ A.Ş. (DÜZCE ŞEHİRLERARASI OTOBÜS TERMİNALİ) -> BOLU MERKEZ TERMİNALİ (ÖZEL) -> ANKARA YENİMAHALLE TERMİNALİ (ÖZEL),,,,,,343.0,1.0,2025-12-13,2026-04-12,12806.0
4731209883984166754,9364929904265263989,125,2,3,4,"[200, 20, 186]","[200, 20, 125, 186]",AFYONKARAHİSAR MERKEZ TERMİNALİ (ÖZEL),ANTALYA KEPEZ TERMİNALİ (ÖZEL) -> BURDUR MERKEZ TERMİNALİ -> ANKARA YENİMAHALLE TERMİNALİ (ÖZEL),ANTALYA KEPEZ TERMİNALİ (ÖZEL) -> BURDUR MERKEZ TERMİNALİ -> AFYONKARAHİSAR MERKEZ TERMİNALİ (ÖZEL) -> ANKARA YENİMAHALLE TERMİNALİ (ÖZEL),63.0,1.0,2024-04-04,2024-07-02,1644.0,,,,,
12661979252621967086,9431665258126910016,94,2,8,9,"[116, 78, 90, 9, 169, 139, 144, 167]","[116, 78, 94, 90, 9, 169, 139, 144, 167]",KOCAELİ GEBZE TERMİNALİ,BÜYÜK İSTANBUL OTOGARI -> İSTANBUL EYÜP-ALİBEYKÖY YOLCU TERMALİ  (ÖZEL) -> BURSA OSMANGAZİ TERMİNALİ -> İZMİR BORNOVA TERMİNALİ (ÖZEL) -> AYDIN EFELER TERMİNALİ -> MUĞLA MENTEŞE TERMİNALİ -> MUĞLA YATAĞAN TERMİNALİ -> MUĞLA MARMARİS TERMİNALİ,BÜYÜK İSTANBUL OTOGARI -> İSTANBUL EYÜP-ALİBEYKÖY YOLCU TERMALİ  (ÖZEL) -> KOCAELİ GEBZE TERMİNALİ -> BURSA OSMANGAZİ TERMİNALİ -> İZMİR BORNOVA TERMİNALİ (ÖZEL) -> AYDIN EFELER TERMİNALİ -> MUĞLA MENTEŞE TERMİNALİ -> MUĞLA YATAĞAN TERMİNALİ -> MUĞLA MARMARİS TERMİNALİ,1722.0,1.0,2024-04-05,2026-04-14,90951.0,112.0,1.0,2024-05-19,2024-09-08,5637.0
17197506575061418110,9606447503487777247,6,1,2,3,"[186, 115]","[186, 6, 115]",NİĞDE MERKEZ TERMİNALİ (ÖZEL),ANKARA YENİMAHALLE TERMİNALİ (ÖZEL) -> MERSİN TOROSLAR TERMİNALİ,ANKARA YENİMAHALLE TERMİNALİ (ÖZEL) -> NİĞDE MERKEZ TERMİNALİ (ÖZEL) -> MERSİN TOROSLAR TERMİNALİ,2.0,1.0,2024-06-14,2026-03-22,3.0,2.0,1.0,2026-03-19,2026-03-22,55.0
16929245644313362965,9744687156199902162,184,3,4,5,"[116, 94, 90, 9]","[116, 94, 90, 184, 9]",MANİSA ŞEHZADELER TERMİNALİ,BÜYÜK İSTANBUL OTOGARI -> KOCAELİ GEBZE TERMİNALİ -> BURSA OSMANGAZİ TERMİNALİ -> İZMİR BORNOVA TERMİNALİ (ÖZEL),BÜYÜK İSTANBUL OTOGARI -> KOCAELİ GEBZE TERMİNALİ -> BURSA OSMANGAZİ TERMİNALİ -> MANİSA ŞEHZADELER TERMİNALİ -> İZMİR BORNOVA TERMİNALİ (ÖZEL),5308.0,1.0,2023-01-11,2025-08-26,161589.0,845.0,2.0,2023-06-14,2025-12-07,28880.0
8604236342663539509,9747594401331252022,3133,1,2,3,"[23361, 206]","[23361, 3133, 206]",SİLİVRİ BELEDİYE BAŞKANLIĞI,BÜYÜKÇEKMECE TERMİNALİ -> TEKİRDAĞ SÜLEYMANPAŞA TERMİNALİ,BÜYÜKÇEKMECE TERMİNALİ -> SİLİVRİ BELEDİYE BAŞKANLIĞI -> TEKİRDAĞ SÜLEYMANPAŞA TERMİNALİ,,,,,,21466.0,1.0,2024-11-16,2026-04-14,159106.0
4923789107463677537,9833700763712560296,186,1,2,3,"[116, 158]","[116, 186, 158]",ANKARA YENİMAHALLE TERMİNALİ (ÖZEL),BÜYÜK İSTANBUL OTOGARI -> ÇORUM MERKEZ TERMİNALİ,BÜYÜK İSTANBUL OTOGARI -> ANKARA YENİMAHALLE TERMİNALİ (ÖZEL) -> ÇORUM MERKEZ TERMİNALİ,,,,,,,,,,
1470078937343487907,9872283987710030671,94,4,11,12,"[7037, 23, 22548, 22549, 75, 67, 123, 90, 1013, 241, 1297]","[7037, 23, 22548, 22549, 94, 75, 67, 123, 90, 1013, 241, 1297]",KOCAELİ GEBZE TERMİNALİ,SAKARYA BÜYÜKŞEHİR BELEDİYESİ ARİFİYE TERMİNALİ -> KOCAELİ MERKEZ TERMİNALİ -> GÖLCÜK ŞEHİRLERARASI OTOBÜS TERMİNALİ -> KARAMÜRSEL ŞEHİRLERARASI OTOBÜS TERMİNALİ -> YALOVA MERKEZ TERMİNALİ (ÖZEL) -> BURSA ORHANGAZİ TERMİNALİ -> BURSA GEMLİK TERMİNALİ -> BURSA OSMANGAZİ TERMİNALİ -> KARACABEY ŞEHİRLER ARASI OTOBÜS TERMİNALİ -> BALIKESİR BANDIRMA ŞEHİRLERARASI OTOBÜS TERMİNALİ  -> ERDEK ŞEHİRLERARASI OTOBÜS TERMİNALİ,SAKARYA BÜYÜKŞEHİR BELEDİYESİ ARİFİYE TERMİNALİ -> KOCAELİ MERKEZ TERMİNALİ -> GÖLCÜK ŞEHİRLERARASI OTOBÜS TERMİNALİ -> KARAMÜRSEL ŞEHİRLERARASI OTOBÜS TERMİNALİ -> KOCAELİ GEBZE TERMİNALİ -> YALOVA MERKEZ TERMİNALİ (ÖZEL) -> BURSA ORHANGAZİ TERMİNALİ -> BURSA GEMLİK TERMİNALİ -> BURSA OSMANGAZİ TERMİNALİ -> KARACABEY ŞEHİRLER ARASI OTOBÜS TERMİNALİ -> BALIKESİR BANDIRMA ŞEHİRLERARASI OTOBÜS TERMİNALİ  -> ERDEK ŞEHİRLERARASI OTOBÜS TERMİNALİ,,,,,,,,,,
9068212578981896233,9874980891849258361,120,2,5,6,"[200, 1014, 19576, 169, 9]","[200, 1014, 120, 19576, 169, 9]",SARAYKÖY YOLCU TERMİNALİ,ANTALYA KEPEZ TERMİNALİ (ÖZEL) -> DENİZLİ BÜYÜKŞEHİR BELEDİYE BAŞKANLIĞI   -> NAZİLLİ YOLCU TERMİNALİ -> AYDIN EFELER TERMİNALİ -> İZMİR BORNOVA TERMİNALİ (ÖZEL),ANTALYA KEPEZ TERMİNALİ (ÖZEL) -> DENİZLİ BÜYÜKŞEHİR BELEDİYE BAŞKANLIĞI   -> SARAYKÖY YOLCU TERMİNALİ -> NAZİLLİ YOLCU TERMİNALİ -> AYDIN EFELER TERMİNALİ -> İZMİR BORNOVA TERMİNALİ (ÖZEL),,,,,,291.0,1.0,2024-06-01,2026-04-13,10038.0
11973599825301914861,9903908428508987475,1333,1,3,4,"[128, 129, 186]","[128, 1333, 129, 186]",ÇANKIRI KORGUN IZINLI NOKTA,KASTAMONU MERKEZ TERMİNALİ -> ÇANKIRI BELEDİYE BAŞKANLIĞI TERMİNALİ -> ANKARA YENİMAHALLE TERMİNALİ (ÖZEL),KASTAMONU MERKEZ TERMİNALİ -> ÇANKIRI KORGUN IZINLI NOKTA -> ÇANKIRI BELEDİYE BAŞKANLIĞI TERMİNALİ -> ANKARA YENİMAHALLE TERMİNALİ (ÖZEL),9.0,1.0,2025-09-27,2026-03-13,160.0,18984.0,1.0,2023-01-01,2026-04-14,390338.0
5522606317248982379,9949806367317231574,9534,3,7,8,"[12, 1655, 16906, 158, 62, 98, 186]","[12, 1655, 16906, 9534, 158, 62, 98, 186]",AMASYA ŞEHİRLER ARASI OTOBÜS TERMİNALİ,TOKAT MERKEZ TERMİNALİ -> SAFİR OTOMOTİV TURİZ İNŞ. TEKS.AKAR. NAK.SAN.TİC.LTD. SAFİR OTOMOTİV -> ZİLE BELEDİYE BAŞKANLIĞI -> ÇORUM MERKEZ TERMİNALİ -> ÇORUM SUNGURLU TERMİNALİ -> KIRIKKALE OTOBÜS TERMİNALİ -> ANKARA YENİMAHALLE TERMİNALİ (ÖZEL),TOKAT MERKEZ TERMİNALİ -> SAFİR OTOMOTİV TURİZ İNŞ. TEKS.AKAR. NAK.SAN.TİC.LTD. SAFİR OTOMOTİV -> ZİLE BELEDİYE BAŞKANLIĞI -> AMASYA ŞEHİRLER ARASI OTOBÜS TERMİNALİ -> ÇORUM MERKEZ TERMİNALİ -> ÇORUM SUNGURLU TERMİNALİ -> KIRIKKALE OTOBÜS TERMİNALİ -> ANKARA YENİMAHALLE TERMİNALİ (ÖZEL),,,,,,1072.0,1.0,2024-06-03,2025-09-26,24678.0
3783027302799674920,10152758866939658974,136,4,9,10,"[116, 78, 94, 90, 9, 1645, 3003, 121, 145]","[116, 78, 94, 90, 136, 9, 1645, 3003, 121, 145]",BALIKESİR MERKEZ TERMİNALİ,BÜYÜK İSTANBUL OTOGARI -> İSTANBUL EYÜP-ALİBEYKÖY YOLCU TERMALİ  (ÖZEL) -> KOCAELİ GEBZE TERMİNALİ -> BURSA OSMANGAZİ TERMİNALİ -> İZMİR BORNOVA TERMİNALİ (ÖZEL) -> İZMİR BÜYÜKŞEHİR BELEDİYESİ   SELÇUK ŞEHİRLERARASI OTOBÜS TERMİNALİ -> AYDIN KUŞADASI TERMİNALİ -> AYDIN SÖKE TERMİNALİ -> AYDIN DİDİM TERMİNALİ,BÜYÜK İSTANBUL OTOGARI -> İSTANBUL EYÜP-ALİBEYKÖY YOLCU TERMALİ  (ÖZEL) -> KOCAELİ GEBZE TERMİNALİ -> BURSA OSMANGAZİ TERMİNALİ -> BALIKESİR MERKEZ TERMİNALİ -> İZMİR BORNOVA TERMİNALİ (ÖZEL) -> İZMİR BÜYÜKŞEHİR BELEDİYESİ   SELÇUK ŞEHİRLERARASI OTOBÜS TERMİNALİ -> AYDIN KUŞADASI TERMİNALİ -> AYDIN SÖKE TERMİNALİ -> AYDIN DİDİM TERMİNALİ,,,,,,2927.0,1.0,2023-01-01,2026-04-14,88132.0
6023492348407154424,10321557706821219583,229,7,9,10,"[9, 169, 246, 144, 139, 192, 191, 19786, 164]","[9, 169, 246, 144, 139, 192, 191, 229, 19786, 164]",,İZMİR BORNOVA TERMİNALİ (ÖZEL) -> AYDIN EFELER TERMİNALİ -> AYDIN ÇİNE TERMİNALİ -> MUĞLA YATAĞAN TERMİNALİ -> MUĞLA MENTEŞE TERMİNALİ -> MUĞLA KÖYCEĞİZ TERMİNALİ -> MUĞLA ORTACA TERMİNALİ -> DALAMAN -> FETHİYE BELEDİYE BAŞKANLIĞI,İZMİR BORNOVA TERMİNALİ (ÖZEL) -> AYDIN EFELER TERMİNALİ -> AYDIN ÇİNE TERMİNALİ -> MUĞLA YATAĞAN TERMİNALİ -> MUĞLA MENTEŞE TERMİNALİ -> MUĞLA KÖYCEĞİZ TERMİNALİ -> MUĞLA ORTACA TERMİNALİ -> 229 -> DALAMAN -> FETHİYE BELEDİYE BAŞKANLIĞI,206.0,1.0,2023-01-15,2026-03-23,5884.0,824.0,1.0,2023-10-25,2024-11-04,11987.0
13346760132826088814,10326367613733695080,12016,6,7,8,"[200, 1, 20, 19, 160, 242, 50]","[200, 1, 20, 19, 160, 242, 12016, 50]",SİVASLI İZİNLİ NOKTA,ANTALYA KEPEZ TERMİNALİ (ÖZEL) -> BURDUR BUCAK TERMİNALİ -> BURDUR MERKEZ TERMİNALİ -> ISPARTA MERKEZ TERMİNALİ -> AFYONKARAHİSAR DİNAR TERMİNALİ -> DENİZLİ ÇİVRİL TERMİNALİ -> UŞAK MERKEZ TERMİNALİ,ANTALYA KEPEZ TERMİNALİ (ÖZEL) -> BURDUR BUCAK TERMİNALİ -> BURDUR MERKEZ TERMİNALİ -> ISPARTA MERKEZ TERMİNALİ -> AFYONKARAHİSAR DİNAR TERMİNALİ -> DENİZLİ ÇİVRİL TERMİNALİ -> SİVASLI İZİNLİ NOKTA -> UŞAK MERKEZ TERMİNALİ,367.0,1.0,2023-01-01,2023-07-05,11278.0,2740.0,1.0,2023-07-06,2026-04-14,79699.0
16489461188862036420,10344087670274839961,1470,2,30,31,"[232, 9684, 1398, 118, 1464, 215, 54, 22102, 180, 209, 95, 59, 2021, 238, 22429, 66, 183, 141, 108, 18916, 9532, 1451, 1031, 110, 19306, 53, 162, 19246, 178, 216]","[232, 9684, 1470, 1398, 118, 1464, 215, 54, 22102, 180, 209, 95, 59, 2021, 238, 22429, 66, 183, 141, 108, 18916, 9532, 1451, 1031, 110, 19306, 53, 162, 19246, 178, 216]",SÜRMENE BELEDİYESİ TERMİNALİ,RİZE MERKEZ TERMİNALİ -> OF BELEDİYE BAŞKANLIĞI -> ARAKLI BELEDİYE TERMİNALİ -> TRABZON ORTAHİSAR TERMİNALİ -> AKÇAABAT BELEDİYE BAŞKANLIĞI -> TRABZON VAKFIKEBİR TERMİNALİ -> TRABZON BEŞİKDÜZÜ TERMİNALİ -> EYNESİL İZİNLİ NOKTA -> GÖRELE TERMİNALİ -> GİRESUN TİREBOLU TERMİNALİ -> GİRESUN MERKEZ TERMİNALİ -> GİRESUN BULANCAK TERMİNALİ -> PİRAZİZ İZİNLİ NOKTA-2 -> ORDU ALTINORDU TERMİNALİ -> PERŞEMBE İZİNLİ NOKTA -> ORDU FATSA TERMİNALİ -> ORDU ÜNYE TERMİNALİ -> TERME ŞEHİRLERARASI OTOBÜS TERMİNALİ -> ÇARŞAMBA ŞEHİRLERARASI OTOBÜS TERMİNALİ  -> TEKKEKÖY İZİNLİ NOKTA -> SAMSUN YUSUF ZİYA YILMAZ ŞEHİRLER ARASI OTOBÜS TERMİNALİ -> SAMSUN KAVAK IZINLI NOKTA -> HAVZA ŞEHİRLERARASI OTOBÜS TERMİNALİ -> MERZİFON ŞEHİRLER ARASI YOLCU TERMİNALİ -> TOSYA ŞEHİRLERARASI OTOBÜS TERMİNALİ -> KARABÜK MERKEZ TERMİNALİ -> KARABÜK SAFRANBOLU TERMİNALİ -> ÇAYCUMA ŞEHİRLERARASI OTOBÜS TERMİNALİ -> BARTIN MERKEZ TERMİNALİ -> ZONGULDAK ZONGULDAK-MERKEZ TERMİNALİ,RİZE MERKEZ TERMİNALİ -> OF BELEDİYE BAŞKANLIĞI -> SÜRMENE BELEDİYESİ TERMİNALİ -> ARAKLI BELEDİYE TERMİNALİ -> TRABZON ORTAHİSAR TERMİNALİ -> AKÇAABAT BELEDİYE BAŞKANLIĞI -> TRABZON VAKFIKEBİR TERMİNALİ -> TRABZON BEŞİKDÜZÜ TERMİNALİ -> EYNESİL İZİNLİ NOKTA -> GÖRELE TERMİNALİ -> GİRESUN TİREBOLU TERMİNALİ -> GİRESUN MERKEZ TERMİNALİ -> GİRESUN BULANCAK TERMİNALİ -> PİRAZİZ İZİNLİ NOKTA-2 -> ORDU ALTINORDU TERMİNALİ -> PERŞEMBE İZİNLİ NOKTA -> ORDU FATSA TERMİNALİ -> ORDU ÜNYE TERMİNALİ -> TERME ŞEHİRLERARASI OTOBÜS TERMİNALİ -> ÇARŞAMBA ŞEHİRLERARASI OTOBÜS TERMİNALİ  -> TEKKEKÖY İZİNLİ NOKTA -> SAMSUN YUSUF ZİYA YILMAZ ŞEHİRLER ARASI OTOBÜS TERMİNALİ -> SAMSUN KAVAK IZINLI NOKTA -> HAVZA ŞEHİRLERARASI OTOBÜS TERMİNALİ -> MERZİFON ŞEHİRLER ARASI YOLCU TERMİNALİ -> TOSYA ŞEHİRLERARASI OTOBÜS TERMİNALİ -> KARABÜK MERKEZ TERMİNALİ -> KARABÜK SAFRANBOLU TERMİNALİ -> ÇAYCUMA ŞEHİRLERARASI OTOBÜS TERMİNALİ -> BARTIN MERKEZ TERMİNALİ -> ZONGULDAK ZONGULDAK-MERKEZ TERMİNALİ,,,,,,,,,,
4862661379661937684,10363079965701681031,19,5,7,8,"[186, 17476, 125, 26, 20, 1, 200]","[186, 17476, 125, 26, 20, 19, 1, 200]",ISPARTA MERKEZ TERMİNALİ,ANKARA YENİMAHALLE TERMİNALİ (ÖZEL) -> POLATLI İZNLİ  NOKTA -> AFYONKARAHİSAR MERKEZ TERMİNALİ (ÖZEL) -> AFYONKARAHİSAR SANDIKLI TERMİNALİ -> BURDUR MERKEZ TERMİNALİ -> BURDUR BUCAK TERMİNALİ -> ANTALYA KEPEZ TERMİNALİ (ÖZEL),ANKARA YENİMAHALLE TERMİNALİ (ÖZEL) -> POLATLI İZNLİ  NOKTA -> AFYONKARAHİSAR MERKEZ TERMİNALİ (ÖZEL) -> AFYONKARAHİSAR SANDIKLI TERMİNALİ -> BURDUR MERKEZ TERMİNALİ -> ISPARTA MERKEZ TERMİNALİ -> BURDUR BUCAK TERMİNALİ -> ANTALYA KEPEZ TERMİNALİ (ÖZEL),7820.0,1.0,2023-01-01,2026-04-14,276946.0,465.0,1.0,2024-08-08,2026-04-14,19841.0
843588259374748099,10488471302894445953,22638,1,3,4,"[44, 6, 186]","[44, 22638, 6, 186]",BOR ŞEHİRLERARASI OTOBÜS TERMİNALİ,ADANA SEYHAN TERMİNALİ -> NİĞDE MERKEZ TERMİNALİ (ÖZEL) -> ANKARA YENİMAHALLE TERMİNALİ (ÖZEL),ADANA SEYHAN TERMİNALİ -> BOR ŞEHİRLERARASI OTOBÜS TERMİNALİ -> NİĞDE MERKEZ TERMİNALİ (ÖZEL) -> ANKARA YENİMAHALLE TERMİNALİ (ÖZEL),2428.0,1.0,2023-10-06,2026-04-14,68327.0,4714.0,1.0,2023-01-01,2026-04-14,159552.0
7674650061241643595,10528165968895622659,6,10,19,20,"[11119, 239, 19366, 80, 1448, 102, 60, 20026, 44, 115, 20119, 99, 105, 32, 82, 3001, 195, 154, 200]","[11119, 239, 19366, 80, 1448, 102, 60, 20026, 44, 115, 6, 20119, 99, 105, 32, 82, 3001, 195, 154, 200]",NİĞDE MERKEZ TERMİNALİ (ÖZEL),ELAZIĞ BELEDİYESİ BAŞKANLIĞI TERMİNALİ -> MAŞTİ -> KAHRAMANMARAŞ YOLCU TERMİNALİ -> GAZİANTEP ŞEHİTKAMİL TERMİNALİ (ÖZEL) -> DÜZİÇİ BELEDİYESİ OTOGARI -> OSMANİYE MERKEZ TERMİNALİ -> KAYSERİ BÜYÜKŞEHİR ŞEHİRLERARASI VE İLÇELER OTOGARI -> CEYHAN OTOGARI -> ADANA SEYHAN TERMİNALİ -> MERSİN TOROSLAR TERMİNALİ -> EREĞLİ -> MERSİN SİLİFKE TERMİNALİ -> KONYA SELÇUKLU TERMİNALİ -> MERSİN ANAMUR TERMİNALİ -> KONYA SEYDİŞEHİR TERMİNALİ (ÖZEL) -> ALANYA İLÇESİ ŞEHİRLERARASI OTOBÜS TERMİNALİ -> ANTALYA MANAVGAT TERMİNALİ (ÖZEL) -> ANTALYA SERİK TERMİNALİ (ÖZEL) -> ANTALYA KEPEZ TERMİNALİ (ÖZEL),ELAZIĞ BELEDİYESİ BAŞKANLIĞI TERMİNALİ -> MAŞTİ -> KAHRAMANMARAŞ YOLCU TERMİNALİ -> GAZİANTEP ŞEHİTKAMİL TERMİNALİ (ÖZEL) -> DÜZİÇİ BELEDİYESİ OTOGARI -> OSMANİYE MERKEZ TERMİNALİ -> KAYSERİ BÜYÜKŞEHİR ŞEHİRLERARASI VE İLÇELER OTOGARI -> CEYHAN OTOGARI -> ADANA SEYHAN TERMİNALİ -> MERSİN TOROSLAR TERMİNALİ -> NİĞDE MERKEZ TERMİNALİ (ÖZEL) -> EREĞLİ -> MERSİN SİLİFKE TERMİNALİ -> KONYA SELÇUKLU TERMİNALİ -> MERSİN ANAMUR TERMİNALİ -> KONYA SEYDİŞEHİR TERMİNALİ (ÖZEL) -> ALANYA İLÇESİ ŞEHİRLERARASI OTOBÜS TERMİNALİ -> ANTALYA MANAVGAT TERMİNALİ (ÖZEL) -> ANTALYA SERİK TERMİNALİ (ÖZEL) -> ANTALYA KEPEZ TERMİNALİ (ÖZEL),113.0,1.0,2026-03-13,2026-04-14,4177.0,34.0,1.0,2026-03-14,2026-04-13,1198.0
12202570853536482550,10552638145294928785,67,1,3,4,"[116, 94, 90]","[116, 67, 94, 90]",BURSA ORHANGAZİ TERMİNALİ,BÜYÜK İSTANBUL OTOGARI -> KOCAELİ GEBZE TERMİNALİ -> BURSA OSMANGAZİ TERMİNALİ,BÜYÜK İSTANBUL OTOGARI -> BURSA ORHANGAZİ TERMİNALİ -> KOCAELİ GEBZE TERMİNALİ -> BURSA OSMANGAZİ TERMİNALİ,547.0,1.0,2023-06-23,2025-06-08,13171.0,37.0,1.0,2026-03-19,2026-04-14,1402.0
17552431200193265393,10571680147113717389,225,1,4,5,"[127, 116, 94, 90]","[127, 225, 116, 94, 90]",KIRKLARELİ LÜLEBURGAZ TERMİNALİ,EDİRNE BELEDİYESİ -> BÜYÜK İSTANBUL OTOGARI -> KOCAELİ GEBZE TERMİNALİ -> BURSA OSMANGAZİ TERMİNALİ,EDİRNE BELEDİYESİ -> KIRKLARELİ LÜLEBURGAZ TERMİNALİ -> BÜYÜK İSTANBUL OTOGARI -> KOCAELİ GEBZE TERMİNALİ -> BURSA OSMANGAZİ TERMİNALİ,287.0,1.0,2026-01-14,2026-03-14,10024.0,784.0,1.0,2023-01-14,2025-06-11,29017.0
18411733371523080010,10861247277947759849,20150,1,3,4,"[186, 195, 3001]","[186, 20150, 195, 3001]",BEYŞEHİR OTOBÜS TERMİNALİ,ANKARA YENİMAHALLE TERMİNALİ (ÖZEL) -> ANTALYA MANAVGAT TERMİNALİ (ÖZEL) -> ALANYA İLÇESİ ŞEHİRLERARASI OTOBÜS TERMİNALİ,ANKARA YENİMAHALLE TERMİNALİ (ÖZEL) -> BEYŞEHİR OTOBÜS TERMİNALİ -> ANTALYA MANAVGAT TERMİNALİ (ÖZEL) -> ALANYA İLÇESİ ŞEHİRLERARASI OTOBÜS TERMİNALİ,,,,,,,,,,
16058127997436024556,10929575240435026854,3133,1,6,7,"[116, 206, 117, 103, 133, 17]","[116, 3133, 206, 117, 103, 133, 17]",SİLİVRİ BELEDİYE BAŞKANLIĞI,BÜYÜK İSTANBUL OTOGARI -> TEKİRDAĞ SÜLEYMANPAŞA TERMİNALİ -> TEKİRDAĞ MALKARA TERMİNALİ -> EDİRNE KEŞAN TERMİNALİ -> ÇANAKKALE GELİBOLU TERMİNALİ -> ÇANAKKALE MERKEZ TERMİNALİ (ÖZEL),BÜYÜK İSTANBUL OTOGARI -> SİLİVRİ BELEDİYE BAŞKANLIĞI -> TEKİRDAĞ SÜLEYMANPAŞA TERMİNALİ -> TEKİRDAĞ MALKARA TERMİNALİ -> EDİRNE KEŞAN TERMİNALİ -> ÇANAKKALE GELİBOLU TERMİNALİ -> ÇANAKKALE MERKEZ TERMİNALİ (ÖZEL),,,,,,,,,,
12388244458831697678,10935249789686058568,4816,5,10,11,"[186, 17476, 125, 26, 160, 1014, 120, 19576, 169, 9]","[186, 17476, 125, 26, 160, 4816, 1014, 120, 19576, 169, 9]",AFYONKARAHİSAR-DAZKIRI İZİNLİ NOKTA,ANKARA YENİMAHALLE TERMİNALİ (ÖZEL) -> POLATLI İZNLİ  NOKTA -> AFYONKARAHİSAR MERKEZ TERMİNALİ (ÖZEL) -> AFYONKARAHİSAR SANDIKLI TERMİNALİ -> AFYONKARAHİSAR DİNAR TERMİNALİ -> DENİZLİ BÜYÜKŞEHİR BELEDİYE BAŞKANLIĞI   -> SARAYKÖY YOLCU TERMİNALİ -> NAZİLLİ YOLCU TERMİNALİ -> AYDIN EFELER TERMİNALİ -> İZMİR BORNOVA TERMİNALİ (ÖZEL),ANKARA YENİMAHALLE TERMİNALİ (ÖZEL) -> POLATLI İZNLİ  NOKTA -> AFYONKARAHİSAR MERKEZ TERMİNALİ (ÖZEL) -> AFYONKARAHİSAR SANDIKLI TERMİNALİ -> AFYONKARAHİSAR DİNAR TERMİNALİ -> AFYONKARAHİSAR-DAZKIRI İZİNLİ NOKTA -> DENİZLİ BÜYÜKŞEHİR BELEDİYE BAŞKANLIĞI   -> SARAYKÖY YOLCU TERMİNALİ -> NAZİLLİ YOLCU TERMİNALİ -> AYDIN EFELER TERMİNALİ -> İZMİR BORNOVA TERMİNALİ (ÖZEL),363.0,1.0,2024-01-11,2026-04-06,12352.0,2370.0,1.0,2023-01-01,2026-04-14,121156.0
7435725302529821771,10984173266541457529,20150,2,5,6,"[186, 105, 82, 195, 3001]","[186, 105, 20150, 82, 195, 3001]",BEYŞEHİR OTOBÜS TERMİNALİ,ANKARA YENİMAHALLE TERMİNALİ (ÖZEL) -> KONYA SELÇUKLU TERMİNALİ -> KONYA SEYDİŞEHİR TERMİNALİ (ÖZEL) -> ANTALYA MANAVGAT TERMİNALİ (ÖZEL) -> ALANYA İLÇESİ ŞEHİRLERARASI OTOBÜS TERMİNALİ,ANKARA YENİMAHALLE TERMİNALİ (ÖZEL) -> KONYA SELÇUKLU TERMİNALİ -> BEYŞEHİR OTOBÜS TERMİNALİ -> KONYA SEYDİŞEHİR TERMİNALİ (ÖZEL) -> ANTALYA MANAVGAT TERMİNALİ (ÖZEL) -> ALANYA İLÇESİ ŞEHİRLERARASI OTOBÜS TERMİNALİ,,,,,,1753.0,1.0,2023-03-26,2025-11-11,57081.0
2263209096190137445,10997432722463500396,22342,7,14,15,"[3001, 195, 154, 200, 1, 19, 20, 26, 125, 18796, 22, 113, 1051, 90]","[3001, 195, 154, 200, 1, 19, 20, 22342, 26, 125, 18796, 22, 113, 1051, 90]",KEÇİBORLU İZİNLİ NOKTA,ALANYA İLÇESİ ŞEHİRLERARASI OTOBÜS TERMİNALİ -> ANTALYA MANAVGAT TERMİNALİ (ÖZEL) -> ANTALYA SERİK TERMİNALİ (ÖZEL) -> ANTALYA KEPEZ TERMİNALİ (ÖZEL) -> BURDUR BUCAK TERMİNALİ -> ISPARTA MERKEZ TERMİNALİ -> BURDUR MERKEZ TERMİNALİ -> AFYONKARAHİSAR SANDIKLI TERMİNALİ -> AFYONKARAHİSAR MERKEZ TERMİNALİ (ÖZEL) -> KÜTAHYA ŞEHİRLERARASI OTOBÜS TERMİNALİ -> ESKİŞEHİR TEPEBAŞI TERMİNALİ -> BİLECİK BOZÜYÜK TERMİNALİ -> İNEGÖL ŞEHİRLER ARASI OTOBÜS TERMİNALİ -> BURSA OSMANGAZİ TERMİNALİ,ALANYA İLÇESİ ŞEHİRLERARASI OTOBÜS TERMİNALİ -> ANTALYA MANAVGAT TERMİNALİ (ÖZEL) -> ANTALYA SERİK TERMİNALİ (ÖZEL) -> ANTALYA KEPEZ TERMİNALİ (ÖZEL) -> BURDUR BUCAK TERMİNALİ -> ISPARTA MERKEZ TERMİNALİ -> BURDUR MERKEZ TERMİNALİ -> KEÇİBORLU İZİNLİ NOKTA -> AFYONKARAHİSAR SANDIKLI TERMİNALİ -> AFYONKARAHİSAR MERKEZ TERMİNALİ (ÖZEL) -> KÜTAHYA ŞEHİRLERARASI OTOBÜS TERMİNALİ -> ESKİŞEHİR TEPEBAŞI TERMİNALİ -> BİLECİK BOZÜYÜK TERMİNALİ -> İNEGÖL ŞEHİRLER ARASI OTOBÜS TERMİNALİ -> BURSA OSMANGAZİ TERMİNALİ,2278.0,1.0,2023-01-01,2026-04-14,110535.0,,,,,
14635814152134208020,11009088853084764368,15016,2,9,10,"[116, 78, 94, 90, 136, 9, 121, 168, 171]","[116, 78, 15016, 94, 90, 136, 9, 121, 168, 171]",DUDULLU İZİNLİ NOKTA,BÜYÜK İSTANBUL OTOGARI -> İSTANBUL EYÜP-ALİBEYKÖY YOLCU TERMALİ  (ÖZEL) -> KOCAELİ GEBZE TERMİNALİ -> BURSA OSMANGAZİ TERMİNALİ -> BALIKESİR MERKEZ TERMİNALİ -> İZMİR BORNOVA TERMİNALİ (ÖZEL) -> AYDIN SÖKE TERMİNALİ -> MUĞLA MİLAS TERMİNALİ -> MUĞLA BODRUM TERMİNALİ,BÜYÜK İSTANBUL OTOGARI -> İSTANBUL EYÜP-ALİBEYKÖY YOLCU TERMALİ  (ÖZEL) -> DUDULLU İZİNLİ NOKTA -> KOCAELİ GEBZE TERMİNALİ -> BURSA OSMANGAZİ TERMİNALİ -> BALIKESİR MERKEZ TERMİNALİ -> İZMİR BORNOVA TERMİNALİ (ÖZEL) -> AYDIN SÖKE TERMİNALİ -> MUĞLA MİLAS TERMİNALİ -> MUĞLA BODRUM TERMİNALİ,4219.0,1.0,2023-01-01,2026-04-14,138821.0,10942.0,1.0,2023-01-01,2026-04-14,699092.0
13983482203353314718,11031624050435732246,23,3,4,5,"[31, 1030, 7037, 155]","[31, 1030, 7037, 23, 155]",KOCAELİ MERKEZ TERMİNALİ,SAKARYA KOCAALİ TERMİNALİ -> KARASU BELEDİYE BAŞKANLIĞI -> SAKARYA BÜYÜKŞEHİR BELEDİYESİ ARİFİYE TERMİNALİ -> İSTANBUL ÜSKÜDAR TERMİNALİ,SAKARYA KOCAALİ TERMİNALİ -> KARASU BELEDİYE BAŞKANLIĞI -> SAKARYA BÜYÜKŞEHİR BELEDİYESİ ARİFİYE TERMİNALİ -> KOCAELİ MERKEZ TERMİNALİ -> İSTANBUL ÜSKÜDAR TERMİNALİ,4184.0,1.0,2024-04-30,2025-02-27,145496.0,29259.0,1.0,2023-01-01,2026-04-14,583994.0
13275919299996984089,11034350837830495712,188,1,4,5,"[116, 1712, 10487, 10486]","[116, 188, 1712, 10487, 10486]",TEKİRDAĞ ÇORLU TERMİNALİ,BÜYÜK İSTANBUL OTOGARI -> DEREKÖY SINIR KAPISI -> VARNA -> BURGAS,BÜYÜK İSTANBUL OTOGARI -> TEKİRDAĞ ÇORLU TERMİNALİ -> DEREKÖY SINIR KAPISI -> VARNA -> BURGAS,416.0,1.0,2025-05-04,2025-11-14,3687.0,170.0,2.0,2024-04-06,2026-03-15,2058.0
15613402885394688335,11198370581443874949,62,4,5,6,"[1453, 1031, 110, 158, 186]","[1453, 1031, 110, 158, 62, 186]",ÇORUM SUNGURLU TERMİNALİ,SAMSUN VEZİRKÖPRÜ IZINLI NOKTA -> HAVZA ŞEHİRLERARASI OTOBÜS TERMİNALİ -> MERZİFON ŞEHİRLER ARASI YOLCU TERMİNALİ -> ÇORUM MERKEZ TERMİNALİ -> ANKARA YENİMAHALLE TERMİNALİ (ÖZEL),SAMSUN VEZİRKÖPRÜ IZINLI NOKTA -> HAVZA ŞEHİRLERARASI OTOBÜS TERMİNALİ -> MERZİFON ŞEHİRLER ARASI YOLCU TERMİNALİ -> ÇORUM MERKEZ TERMİNALİ -> ÇORUM SUNGURLU TERMİNALİ -> ANKARA YENİMAHALLE TERMİNALİ (ÖZEL),2388.0,1.0,2023-01-01,2026-04-14,30342.0,2129.0,1.0,2023-01-01,2026-04-13,27575.0
15602221992071464375,11216420997179684717,26,4,10,11,"[200, 1, 20, 19, 125, 18796, 22, 113, 1051, 90]","[200, 1, 20, 19, 26, 125, 18796, 22, 113, 1051, 90]",AFYONKARAHİSAR SANDIKLI TERMİNALİ,ANTALYA KEPEZ TERMİNALİ (ÖZEL) -> BURDUR BUCAK TERMİNALİ -> BURDUR MERKEZ TERMİNALİ -> ISPARTA MERKEZ TERMİNALİ -> AFYONKARAHİSAR MERKEZ TERMİNALİ (ÖZEL) -> KÜTAHYA ŞEHİRLERARASI OTOBÜS TERMİNALİ -> ESKİŞEHİR TEPEBAŞI TERMİNALİ -> BİLECİK BOZÜYÜK TERMİNALİ -> İNEGÖL ŞEHİRLER ARASI OTOBÜS TERMİNALİ -> BURSA OSMANGAZİ TERMİNALİ,ANTALYA KEPEZ TERMİNALİ (ÖZEL) -> BURDUR BUCAK TERMİNALİ -> BURDUR MERKEZ TERMİNALİ -> ISPARTA MERKEZ TERMİNALİ -> AFYONKARAHİSAR SANDIKLI TERMİNALİ -> AFYONKARAHİSAR MERKEZ TERMİNALİ (ÖZEL) -> KÜTAHYA ŞEHİRLERARASI OTOBÜS TERMİNALİ -> ESKİŞEHİR TEPEBAŞI TERMİNALİ -> BİLECİK BOZÜYÜK TERMİNALİ -> İNEGÖL ŞEHİRLER ARASI OTOBÜS TERMİNALİ -> BURSA OSMANGAZİ TERMİNALİ,42.0,1.0,2025-03-27,2025-06-11,1931.0,436.0,1.0,2024-10-02,2026-04-14,27020.0
9279526197409037386,11331469782123885682,155,14,15,16,"[77, 21709, 21349, 1346, 80, 1448, 102, 44, 63, 186, 69, 7037, 23, 94, 116]","[77, 21709, 21349, 1346, 80, 1448, 102, 44, 63, 186, 69, 7037, 23, 94, 155, 116]",İSTANBUL ÜSKÜDAR TERMİNALİ,ŞANLIURFA KARAKÖPRÜ TERMİNALİ (ÖZEL) -> SURUÇ İZİNLİ NOKTA -> BİRECİK İZİNLİ NOKTA -> NİZİP OTOBÜS TERMİNALI -> GAZİANTEP ŞEHİTKAMİL TERMİNALİ (ÖZEL) -> DÜZİÇİ BELEDİYESİ OTOGARI -> OSMANİYE MERKEZ TERMİNALİ -> ADANA SEYHAN TERMİNALİ -> AKSARAY MERKEZ TERMİNALİ -> ANKARA YENİMAHALLE TERMİNALİ (ÖZEL) -> BOLU MERKEZ TERMİNALİ (ÖZEL) -> SAKARYA BÜYÜKŞEHİR BELEDİYESİ ARİFİYE TERMİNALİ -> KOCAELİ MERKEZ TERMİNALİ -> KOCAELİ GEBZE TERMİNALİ -> BÜYÜK İSTANBUL OTOGARI,ŞANLIURFA KARAKÖPRÜ TERMİNALİ (ÖZEL) -> SURUÇ İZİNLİ NOKTA -> BİRECİK İZİNLİ NOKTA -> NİZİP OTOBÜS TERMİNALI -> GAZİANTEP ŞEHİTKAMİL TERMİNALİ (ÖZEL) -> DÜZİÇİ BELEDİYESİ OTOGARI -> OSMANİYE MERKEZ TERMİNALİ -> ADANA SEYHAN TERMİNALİ -> AKSARAY MERKEZ TERMİNALİ -> ANKARA YENİMAHALLE TERMİNALİ (ÖZEL) -> BOLU MERKEZ TERMİNALİ (ÖZEL) -> SAKARYA BÜYÜKŞEHİR BELEDİYESİ ARİFİYE TERMİNALİ -> KOCAELİ MERKEZ TERMİNALİ -> KOCAELİ GEBZE TERMİNALİ -> İSTANBUL ÜSKÜDAR TERMİNALİ -> BÜYÜK İSTANBUL OTOGARI,111.0,1.0,2025-12-04,2026-04-14,7006.0,169.0,1.0,2025-12-19,2026-04-14,10674.0
12094376645961012780,11457129974232578007,145,2,4,5,"[9, 121, 168, 171]","[9, 121, 145, 168, 171]",AYDIN DİDİM TERMİNALİ,İZMİR BORNOVA TERMİNALİ (ÖZEL) -> AYDIN SÖKE TERMİNALİ -> MUĞLA MİLAS TERMİNALİ -> MUĞLA BODRUM TERMİNALİ,İZMİR BORNOVA TERMİNALİ (ÖZEL) -> AYDIN SÖKE TERMİNALİ -> AYDIN DİDİM TERMİNALİ -> MUĞLA MİLAS TERMİNALİ -> MUĞLA BODRUM TERMİNALİ,18838.0,2.0,2023-01-01,2026-04-14,426250.0,83.0,1.0,2024-06-07,2024-06-30,1269.0
15728685831060652318,11474806876130024855,79,1,2,3,"[206, 225]","[206, 79, 225]",TEKİRDAĞ MURATLI TERMİNALİ,TEKİRDAĞ SÜLEYMANPAŞA TERMİNALİ -> KIRKLARELİ LÜLEBURGAZ TERMİNALİ,TEKİRDAĞ SÜLEYMANPAŞA TERMİNALİ -> TEKİRDAĞ MURATLI TERMİNALİ -> KIRKLARELİ LÜLEBURGAZ TERMİNALİ,5828.0,1.0,2024-10-11,2026-03-29,18689.0,285.0,1.0,2025-06-28,2026-04-09,925.0
2700110434191658490,11597189446949524653,144,2,4,5,"[145, 168, 139, 167]","[145, 168, 144, 139, 167]",MUĞLA YATAĞAN TERMİNALİ,AYDIN DİDİM TERMİNALİ -> MUĞLA MİLAS TERMİNALİ -> MUĞLA MENTEŞE TERMİNALİ -> MUĞLA MARMARİS TERMİNALİ,AYDIN DİDİM TERMİNALİ -> MUĞLA MİLAS TERMİNALİ -> MUĞLA YATAĞAN TERMİNALİ -> MUĞLA MENTEŞE TERMİNALİ -> MUĞLA MARMARİS TERMİNALİ,,,,,,547.0,2.0,2023-07-08,2025-08-29,6444.0
5531644150119165423,11609060665512872776,17476,1,5,6,"[186, 22, 113, 1051, 90]","[186, 17476, 22, 113, 1051, 90]",POLATLI İZNLİ  NOKTA,ANKARA YENİMAHALLE TERMİNALİ (ÖZEL) -> ESKİŞEHİR TEPEBAŞI TERMİNALİ -> BİLECİK BOZÜYÜK TERMİNALİ -> İNEGÖL ŞEHİRLER ARASI OTOBÜS TERMİNALİ -> BURSA OSMANGAZİ TERMİNALİ,ANKARA YENİMAHALLE TERMİNALİ (ÖZEL) -> POLATLI İZNLİ  NOKTA -> ESKİŞEHİR TEPEBAŞI TERMİNALİ -> BİLECİK BOZÜYÜK TERMİNALİ -> İNEGÖL ŞEHİRLER ARASI OTOBÜS TERMİNALİ -> BURSA OSMANGAZİ TERMİNALİ,5.0,1.0,2023-11-19,2025-10-02,167.0,2288.0,3.0,2023-01-01,2026-04-14,85631.0
1986062821242552767,11615404354960448734,15016,2,9,10,"[116, 78, 94, 90, 136, 17836, 17837, 1652, 111]","[116, 78, 15016, 94, 90, 136, 17836, 17837, 1652, 111]",DUDULLU İZİNLİ NOKTA,BÜYÜK İSTANBUL OTOGARI -> İSTANBUL EYÜP-ALİBEYKÖY YOLCU TERMALİ  (ÖZEL) -> KOCAELİ GEBZE TERMİNALİ -> BURSA OSMANGAZİ TERMİNALİ -> BALIKESİR MERKEZ TERMİNALİ -> ALTINOLUK ŞEHİRLERARASI OTOBÜS TERMİNALİ -> AKÇAY ŞEHİRLERARASI OTOBÜS TERMİNALİ -> EDREMİT ŞEHİRLERARASI OTOBÜS TERMİNALİ -> KÜÇÜKKUYU ŞEHİRLERARASI OTOBÜS TERMİNALİ,BÜYÜK İSTANBUL OTOGARI -> İSTANBUL EYÜP-ALİBEYKÖY YOLCU TERMALİ  (ÖZEL) -> DUDULLU İZİNLİ NOKTA -> KOCAELİ GEBZE TERMİNALİ -> BURSA OSMANGAZİ TERMİNALİ -> BALIKESİR MERKEZ TERMİNALİ -> ALTINOLUK ŞEHİRLERARASI OTOBÜS TERMİNALİ -> AKÇAY ŞEHİRLERARASI OTOBÜS TERMİNALİ -> EDREMİT ŞEHİRLERARASI OTOBÜS TERMİNALİ -> KÜÇÜKKUYU ŞEHİRLERARASI OTOBÜS TERMİNALİ,,,,,,4526.0,1.0,2024-08-07,2026-04-14,197480.0
14086263209497274437,11654195999754502498,136,4,6,7,"[116, 78, 94, 90, 9, 244]","[116, 78, 94, 90, 136, 9, 244]",BALIKESİR MERKEZ TERMİNALİ,BÜYÜK İSTANBUL OTOGARI -> İSTANBUL EYÜP-ALİBEYKÖY YOLCU TERMALİ  (ÖZEL) -> KOCAELİ GEBZE TERMİNALİ -> BURSA OSMANGAZİ TERMİNALİ -> İZMİR BORNOVA TERMİNALİ (ÖZEL) -> İZMİR ÇEŞME TERMİNALİ,BÜYÜK İSTANBUL OTOGARI -> İSTANBUL EYÜP-ALİBEYKÖY YOLCU TERMALİ  (ÖZEL) -> KOCAELİ GEBZE TERMİNALİ -> BURSA OSMANGAZİ TERMİNALİ -> BALIKESİR MERKEZ TERMİNALİ -> İZMİR BORNOVA TERMİNALİ (ÖZEL) -> İZMİR ÇEŞME TERMİNALİ,,,,,,4697.0,1.0,2023-01-01,2026-04-14,127727.0
17028974208183950800,11841840268567229571,1664,8,11,12,"[118, 1406, 3000, 176, 93, 28, 224, 174, 80, 1346, 77]","[118, 1406, 3000, 176, 93, 28, 224, 174, 1664, 80, 1346, 77]",PAZARCIK BELEDİYESİ ŞEHİERLERARASI OTOBÜS TERMİNALİ PAZARCIK BELEDİYESİ ŞEHİERLERA,TRABZON ORTAHİSAR TERMİNALİ -> GÜMÜŞHANE TORUL IZINLI NOKTA -> GÜMÜŞHANE BELEDİYE TERMİNALİ -> GÜMÜŞHANE KELKİT TERMİNALİ -> ERZİNCAN MERKEZ TERMİNALİ (ÖZEL) -> SİVAS MERKEZ TERMİNALİ -> MALATYA YEŞİLYURT/MALATYA TERMİNALİ -> GÖLBAŞI ŞEHİRLER ARASI YOLCU TERMİNALİ -> GAZİANTEP ŞEHİTKAMİL TERMİNALİ (ÖZEL) -> NİZİP OTOBÜS TERMİNALI -> ŞANLIURFA KARAKÖPRÜ TERMİNALİ (ÖZEL),TRABZON ORTAHİSAR TERMİNALİ -> GÜMÜŞHANE TORUL IZINLI NOKTA -> GÜMÜŞHANE BELEDİYE TERMİNALİ -> GÜMÜŞHANE KELKİT TERMİNALİ -> ERZİNCAN MERKEZ TERMİNALİ (ÖZEL) -> SİVAS MERKEZ TERMİNALİ -> MALATYA YEŞİLYURT/MALATYA TERMİNALİ -> GÖLBAŞI ŞEHİRLER ARASI YOLCU TERMİNALİ -> PAZARCIK BELEDİYESİ ŞEHİERLERARASI OTOBÜS TERMİNALİ PAZARCIK BELEDİYESİ ŞEHİERLERA -> GAZİANTEP ŞEHİTKAMİL TERMİNALİ (ÖZEL) -> NİZİP OTOBÜS TERMİNALI -> ŞANLIURFA KARAKÖPRÜ TERMİNALİ (ÖZEL),342.0,1.0,2025-09-23,2026-04-05,11751.0,2055.0,1.0,2023-01-01,2025-09-22,90142.0
15456472033488074497,11952042977504090071,742,2,3,4,"[15, 1719, 757]","[15, 1719, 742, 757]",CRAIOVA,İSTANBUL FATİH TERMİNALİ (ÖZEL) -> KAPIKULE SINIR KAPISI -> Bükreş,İSTANBUL FATİH TERMİNALİ (ÖZEL) -> KAPIKULE SINIR KAPISI -> CRAIOVA -> Bükreş,1103.0,2.0,2023-01-04,2026-04-10,14585.0,430.0,1.0,2023-01-21,2026-04-06,5920.0
11780675237645573964,11973599825301914861,129,1,2,3,"[128, 186]","[128, 129, 186]",ÇANKIRI BELEDİYE BAŞKANLIĞI TERMİNALİ,KASTAMONU MERKEZ TERMİNALİ -> ANKARA YENİMAHALLE TERMİNALİ (ÖZEL),KASTAMONU MERKEZ TERMİNALİ -> ÇANKIRI BELEDİYE BAŞKANLIĞI TERMİNALİ -> ANKARA YENİMAHALLE TERMİNALİ (ÖZEL),258.0,1.0,2023-01-13,2024-09-04,6008.0,9.0,1.0,2025-09-27,2026-03-13,160.0
15096081605116532760,11980699063686071284,51,1,2,3,"[116, 100]","[116, 51, 100]",ANKARA ÇANKAYA TERMİNALİ (ÖZEL),BÜYÜK İSTANBUL OTOGARI -> SİVAS KOYULHİSAR TERMİNALİ,BÜYÜK İSTANBUL OTOGARI -> ANKARA ÇANKAYA TERMİNALİ (ÖZEL) -> SİVAS KOYULHİSAR TERMİNALİ,51.0,1.0,2025-04-05,2026-04-12,520.0,1.0,1.0,2024-11-24,2024-11-24,1.0
16171694428242783264,12139002010726216136,236,1,5,6,"[197, 151, 147, 36, 9]","[197, 236, 151, 147, 36, 9]",KÜTAHYA GEDİZ TERMİNALİ,KÜTAHYA SİMAV TERMİNALİ -> MANİSA KULA TERMİNALİ -> MANİSA SALİHLİ TERMİNALİ -> MANİSA TURGUTLU TERMİNALİ (ÖZEL) -> İZMİR BORNOVA TERMİNALİ (ÖZEL),KÜTAHYA SİMAV TERMİNALİ -> KÜTAHYA GEDİZ TERMİNALİ -> MANİSA KULA TERMİNALİ -> MANİSA SALİHLİ TERMİNALİ -> MANİSA TURGUTLU TERMİNALİ (ÖZEL) -> İZMİR BORNOVA TERMİNALİ (ÖZEL),963.0,1.0,2023-01-01,2026-03-25,3203.0,17.0,1.0,2025-06-04,2026-03-23,458.0
7876010278505974540,12202570853536482550,94,1,2,3,"[116, 90]","[116, 94, 90]",KOCAELİ GEBZE TERMİNALİ,BÜYÜK İSTANBUL OTOGARI -> BURSA OSMANGAZİ TERMİNALİ,BÜYÜK İSTANBUL OTOGARI -> KOCAELİ GEBZE TERMİNALİ -> BURSA OSMANGAZİ TERMİNALİ,9.0,1.0,2025-04-24,2026-03-24,206.0,547.0,1.0,2023-06-23,2025-06-08,13171.0
7527365159990069062,12208892512237186599,15016,6,7,8,"[186, 69, 7037, 23, 94, 78, 116]","[186, 69, 7037, 23, 94, 78, 15016, 116]",DUDULLU İZİNLİ NOKTA,ANKARA YENİMAHALLE TERMİNALİ (ÖZEL) -> BOLU MERKEZ TERMİNALİ (ÖZEL) -> SAKARYA BÜYÜKŞEHİR BELEDİYESİ ARİFİYE TERMİNALİ -> KOCAELİ MERKEZ TERMİNALİ -> KOCAELİ GEBZE TERMİNALİ -> İSTANBUL EYÜP-ALİBEYKÖY YOLCU TERMALİ  (ÖZEL) -> BÜYÜK İSTANBUL OTOGARI,ANKARA YENİMAHALLE TERMİNALİ (ÖZEL) -> BOLU MERKEZ TERMİNALİ (ÖZEL) -> SAKARYA BÜYÜKŞEHİR BELEDİYESİ ARİFİYE TERMİNALİ -> KOCAELİ MERKEZ TERMİNALİ -> KOCAELİ GEBZE TERMİNALİ -> İSTANBUL EYÜP-ALİBEYKÖY YOLCU TERMALİ  (ÖZEL) -> DUDULLU İZİNLİ NOKTA -> BÜYÜK İSTANBUL OTOGARI,1.0,1.0,2026-04-03,2026-04-03,45.0,,,,,
15870914702175783993,12224451518619803658,23809,2,4,5,"[116, 78, 94, 90]","[116, 78, 23809, 94, 90]",ÜMRANİYE İZİNLİ NOKTA,BÜYÜK İSTANBUL OTOGARI -> İSTANBUL EYÜP-ALİBEYKÖY YOLCU TERMALİ  (ÖZEL) -> KOCAELİ GEBZE TERMİNALİ -> BURSA OSMANGAZİ TERMİNALİ,BÜYÜK İSTANBUL OTOGARI -> İSTANBUL EYÜP-ALİBEYKÖY YOLCU TERMALİ  (ÖZEL) -> ÜMRANİYE İZİNLİ NOKTA -> KOCAELİ GEBZE TERMİNALİ -> BURSA OSMANGAZİ TERMİNALİ,32.0,1.0,2023-04-19,2023-10-26,525.0,,,,,
13811711882698059958,12389393124780693371,155,4,6,7,"[186, 7037, 23, 94, 78, 116]","[186, 7037, 23, 94, 155, 78, 116]",İSTANBUL ÜSKÜDAR TERMİNALİ,ANKARA YENİMAHALLE TERMİNALİ (ÖZEL) -> SAKARYA BÜYÜKŞEHİR BELEDİYESİ ARİFİYE TERMİNALİ -> KOCAELİ MERKEZ TERMİNALİ -> KOCAELİ GEBZE TERMİNALİ -> İSTANBUL EYÜP-ALİBEYKÖY YOLCU TERMALİ  (ÖZEL) -> BÜYÜK İSTANBUL OTOGARI,ANKARA YENİMAHALLE TERMİNALİ (ÖZEL) -> SAKARYA BÜYÜKŞEHİR BELEDİYESİ ARİFİYE TERMİNALİ -> KOCAELİ MERKEZ TERMİNALİ -> KOCAELİ GEBZE TERMİNALİ -> İSTANBUL ÜSKÜDAR TERMİNALİ -> İSTANBUL EYÜP-ALİBEYKÖY YOLCU TERMALİ  (ÖZEL) -> BÜYÜK İSTANBUL OTOGARI,179.0,2.0,2024-06-13,2026-03-19,4057.0,,,,,
6998733151884096591,12403755122031797373,5116,2,8,9,"[116, 78, 94, 90, 9, 121, 168, 171]","[116, 78, 5116, 94, 90, 9, 121, 168, 171]",İSTANBUL-ÜMRANİYE İZİNLİ NOKTA,BÜYÜK İSTANBUL OTOGARI -> İSTANBUL EYÜP-ALİBEYKÖY YOLCU TERMALİ  (ÖZEL) -> KOCAELİ GEBZE TERMİNALİ -> BURSA OSMANGAZİ TERMİNALİ -> İZMİR BORNOVA TERMİNALİ (ÖZEL) -> AYDIN SÖKE TERMİNALİ -> MUĞLA MİLAS TERMİNALİ -> MUĞLA BODRUM TERMİNALİ,BÜYÜK İSTANBUL OTOGARI -> İSTANBUL EYÜP-ALİBEYKÖY YOLCU TERMALİ  (ÖZEL) -> İSTANBUL-ÜMRANİYE İZİNLİ NOKTA -> KOCAELİ GEBZE TERMİNALİ -> BURSA OSMANGAZİ TERMİNALİ -> İZMİR BORNOVA TERMİNALİ (ÖZEL) -> AYDIN SÖKE TERMİNALİ -> MUĞLA MİLAS TERMİNALİ -> MUĞLA BODRUM TERMİNALİ,92.0,1.0,2023-08-25,2024-05-16,3896.0,278.0,1.0,2025-11-06,2026-04-12,9387.0
11732819297095130182,12416110605746749662,15016,2,17,18,"[116, 78, 94, 90, 1051, 113, 22, 18796, 125, 26, 20, 19, 1, 200, 154, 195, 3001]","[116, 78, 15016, 94, 90, 1051, 113, 22, 18796, 125, 26, 20, 19, 1, 200, 154, 195, 3001]",DUDULLU İZİNLİ NOKTA,BÜYÜK İSTANBUL OTOGARI -> İSTANBUL EYÜP-ALİBEYKÖY YOLCU TERMALİ  (ÖZEL) -> KOCAELİ GEBZE TERMİNALİ -> BURSA OSMANGAZİ TERMİNALİ -> İNEGÖL ŞEHİRLER ARASI OTOBÜS TERMİNALİ -> BİLECİK BOZÜYÜK TERMİNALİ -> ESKİŞEHİR TEPEBAŞI TERMİNALİ -> KÜTAHYA ŞEHİRLERARASI OTOBÜS TERMİNALİ -> AFYONKARAHİSAR MERKEZ TERMİNALİ (ÖZEL) -> AFYONKARAHİSAR SANDIKLI TERMİNALİ -> BURDUR MERKEZ TERMİNALİ -> ISPARTA MERKEZ TERMİNALİ -> BURDUR BUCAK TERMİNALİ -> ANTALYA KEPEZ TERMİNALİ (ÖZEL) -> ANTALYA SERİK TERMİNALİ (ÖZEL) -> ANTALYA MANAVGAT TERMİNALİ (ÖZEL) -> ALANYA İLÇESİ ŞEHİRLERARASI OTOBÜS TERMİNALİ,BÜYÜK İSTANBUL OTOGARI -> İSTANBUL EYÜP-ALİBEYKÖY YOLCU TERMALİ  (ÖZEL) -> DUDULLU İZİNLİ NOKTA -> KOCAELİ GEBZE TERMİNALİ -> BURSA OSMANGAZİ TERMİNALİ -> İNEGÖL ŞEHİRLER ARASI OTOBÜS TERMİNALİ -> BİLECİK BOZÜYÜK TERMİNALİ -> ESKİŞEHİR TEPEBAŞI TERMİNALİ -> KÜTAHYA ŞEHİRLERARASI OTOBÜS TERMİNALİ -> AFYONKARAHİSAR MERKEZ TERMİNALİ (ÖZEL) -> AFYONKARAHİSAR SANDIKLI TERMİNALİ -> BURDUR MERKEZ TERMİNALİ -> ISPARTA MERKEZ TERMİNALİ -> BURDUR BUCAK TERMİNALİ -> ANTALYA KEPEZ TERMİNALİ (ÖZEL) -> ANTALYA SERİK TERMİNALİ (ÖZEL) -> ANTALYA MANAVGAT TERMİNALİ (ÖZEL) -> ALANYA İLÇESİ ŞEHİRLERARASI OTOBÜS TERMİNALİ,,,,,,214.0,1.0,2025-05-20,2026-04-14,19904.0
268432111198612921,12435891991712318867,708,6,7,8,"[90, 94, 116, 127, 1719, 711, 720]","[90, 94, 116, 127, 1719, 711, 708, 720]",HASKOVA,BURSA OSMANGAZİ TERMİNALİ -> KOCAELİ GEBZE TERMİNALİ -> BÜYÜK İSTANBUL OTOGARI -> EDİRNE BELEDİYESİ -> KAPIKULE SINIR KAPISI -> SOFYA -> PLOVDIV,BURSA OSMANGAZİ TERMİNALİ -> KOCAELİ GEBZE TERMİNALİ -> BÜYÜK İSTANBUL OTOGARI -> EDİRNE BELEDİYESİ -> KAPIKULE SINIR KAPISI -> SOFYA -> HASKOVA -> PLOVDIV,1240.0,1.0,2023-01-01,2026-04-12,13835.0,1292.0,1.0,2023-01-14,2026-04-14,29170.0
7017832360689612530,12439691371447996073,51,1,7,8,"[186, 1414, 105, 82, 195, 3001, 23178]","[186, 51, 1414, 105, 82, 195, 3001, 23178]",ANKARA ÇANKAYA TERMİNALİ (ÖZEL),ANKARA YENİMAHALLE TERMİNALİ (ÖZEL) -> KONYA BÜYÜKŞEHİR BELEDİYESİ KULU TERMİNALİ -> KONYA SELÇUKLU TERMİNALİ -> KONYA SEYDİŞEHİR TERMİNALİ (ÖZEL) -> ANTALYA MANAVGAT TERMİNALİ (ÖZEL) -> ALANYA İLÇESİ ŞEHİRLERARASI OTOBÜS TERMİNALİ -> GAZİPAŞA İZİNLİ NOKTA	,ANKARA YENİMAHALLE TERMİNALİ (ÖZEL) -> ANKARA ÇANKAYA TERMİNALİ (ÖZEL) -> KONYA BÜYÜKŞEHİR BELEDİYESİ KULU TERMİNALİ -> KONYA SELÇUKLU TERMİNALİ -> KONYA SEYDİŞEHİR TERMİNALİ (ÖZEL) -> ANTALYA MANAVGAT TERMİNALİ (ÖZEL) -> ALANYA İLÇESİ ŞEHİRLERARASI OTOBÜS TERMİNALİ -> GAZİPAŞA İZİNLİ NOKTA	,3948.0,1.0,2025-07-24,2026-04-14,159886.0,764.0,1.0,2023-07-05,2025-10-24,25410.0
15360511862846135248,12520626965933970548,1926,2,11,12,"[68, 172, 77, 80, 102, 44, 186, 7037, 23, 94, 116]","[68, 172, 1926, 77, 80, 102, 44, 186, 7037, 23, 94, 116]",ŞANLIURFA HİLVAN IZINLI NOKTA,DİYARBAKIR / TERMİNALİ -> ŞANLIURFA SİVEREK TERMİNALİ (ÖZEL) -> ŞANLIURFA KARAKÖPRÜ TERMİNALİ (ÖZEL) -> GAZİANTEP ŞEHİTKAMİL TERMİNALİ (ÖZEL) -> OSMANİYE MERKEZ TERMİNALİ -> ADANA SEYHAN TERMİNALİ -> ANKARA YENİMAHALLE TERMİNALİ (ÖZEL) -> SAKARYA BÜYÜKŞEHİR BELEDİYESİ ARİFİYE TERMİNALİ -> KOCAELİ MERKEZ TERMİNALİ -> KOCAELİ GEBZE TERMİNALİ -> BÜYÜK İSTANBUL OTOGARI,DİYARBAKIR / TERMİNALİ -> ŞANLIURFA SİVEREK TERMİNALİ (ÖZEL) -> ŞANLIURFA HİLVAN IZINLI NOKTA -> ŞANLIURFA KARAKÖPRÜ TERMİNALİ (ÖZEL) -> GAZİANTEP ŞEHİTKAMİL TERMİNALİ (ÖZEL) -> OSMANİYE MERKEZ TERMİNALİ -> ADANA SEYHAN TERMİNALİ -> ANKARA YENİMAHALLE TERMİNALİ (ÖZEL) -> SAKARYA BÜYÜKŞEHİR BELEDİYESİ ARİFİYE TERMİNALİ -> KOCAELİ MERKEZ TERMİNALİ -> KOCAELİ GEBZE TERMİNALİ -> BÜYÜK İSTANBUL OTOGARI,87.0,1.0,2023-09-12,2023-11-13,3086.0,1308.0,1.0,2023-04-16,2025-04-08,43914.0
14666696576826189590,12529204043275724178,24348,2,3,4,"[116, 1719, 757]","[116, 1719, 24348, 757]",BRAGADİRU,BÜYÜK İSTANBUL OTOGARI -> KAPIKULE SINIR KAPISI -> Bükreş,BÜYÜK İSTANBUL OTOGARI -> KAPIKULE SINIR KAPISI -> BRAGADİRU -> Bükreş,796.0,1.0,2023-01-02,2026-04-14,12419.0,,,,,
1565415327927478207,12646374203223672519,18856,2,6,7,"[186, 69, 7037, 23, 94, 90]","[186, 69, 18856, 7037, 23, 94, 90]",DÜZCE ULAŞIM HİZMETLERİ A.Ş. (DÜZCE ŞEHİRLERARASI OTOBÜS TERMİNALİ),ANKARA YENİMAHALLE TERMİNALİ (ÖZEL) -> BOLU MERKEZ TERMİNALİ (ÖZEL) -> SAKARYA BÜYÜKŞEHİR BELEDİYESİ ARİFİYE TERMİNALİ -> KOCAELİ MERKEZ TERMİNALİ -> KOCAELİ GEBZE TERMİNALİ -> BURSA OSMANGAZİ TERMİNALİ,ANKARA YENİMAHALLE TERMİNALİ (ÖZEL) -> BOLU MERKEZ TERMİNALİ (ÖZEL) -> DÜZCE ULAŞIM HİZMETLERİ A.Ş. (DÜZCE ŞEHİRLERARASI OTOBÜS TERMİNALİ) -> SAKARYA BÜYÜKŞEHİR BELEDİYESİ ARİFİYE TERMİNALİ -> KOCAELİ MERKEZ TERMİNALİ -> KOCAELİ GEBZE TERMİNALİ -> BURSA OSMANGAZİ TERMİNALİ,41.0,1.0,2026-01-16,2026-02-08,2303.0,309.0,1.0,2025-11-14,2026-04-14,12755.0
17861292323020800100,12954081896949305400,94,4,5,6,"[90, 123, 67, 75, 155]","[90, 123, 67, 75, 94, 155]",KOCAELİ GEBZE TERMİNALİ,BURSA OSMANGAZİ TERMİNALİ -> BURSA GEMLİK TERMİNALİ -> BURSA ORHANGAZİ TERMİNALİ -> YALOVA MERKEZ TERMİNALİ (ÖZEL) -> İSTANBUL ÜSKÜDAR TERMİNALİ,BURSA OSMANGAZİ TERMİNALİ -> BURSA GEMLİK TERMİNALİ -> BURSA ORHANGAZİ TERMİNALİ -> YALOVA MERKEZ TERMİNALİ (ÖZEL) -> KOCAELİ GEBZE TERMİNALİ -> İSTANBUL ÜSKÜDAR TERMİNALİ,,,,,,12136.0,1.0,2023-01-01,2026-04-14,495207.0
3150281801257363815,13067487320467016764,36,1,3,4,"[9, 147, 50]","[9, 36, 147, 50]",MANİSA TURGUTLU TERMİNALİ (ÖZEL),İZMİR BORNOVA TERMİNALİ (ÖZEL) -> MANİSA SALİHLİ TERMİNALİ -> UŞAK MERKEZ TERMİNALİ,İZMİR BORNOVA TERMİNALİ (ÖZEL) -> MANİSA TURGUTLU TERMİNALİ (ÖZEL) -> MANİSA SALİHLİ TERMİNALİ -> UŞAK MERKEZ TERMİNALİ,754.0,1.0,2023-01-01,2023-07-05,17342.0,2496.0,1.0,2023-07-06,2026-04-14,55094.0
17496038622517689974,13100201177006773417,6,10,16,17,"[1001, 85, 174, 24048, 1664, 19366, 1448, 102, 20026, 44, 63, 186, 22, 113, 1051, 90]","[1001, 85, 174, 24048, 1664, 19366, 1448, 102, 20026, 44, 6, 63, 186, 22, 113, 1051, 90]",NİĞDE MERKEZ TERMİNALİ (ÖZEL),KAHTA BELEDİYE BAŞKANLIĞI  -> ADIYAMAN MERKEZ TERMİNALİ -> GÖLBAŞI ŞEHİRLER ARASI YOLCU TERMİNALİ -> PAZARCIK -> PAZARCIK BELEDİYESİ ŞEHİERLERARASI OTOBÜS TERMİNALİ PAZARCIK BELEDİYESİ ŞEHİERLERA -> KAHRAMANMARAŞ YOLCU TERMİNALİ -> DÜZİÇİ BELEDİYESİ OTOGARI -> OSMANİYE MERKEZ TERMİNALİ -> CEYHAN OTOGARI -> ADANA SEYHAN TERMİNALİ -> AKSARAY MERKEZ TERMİNALİ -> ANKARA YENİMAHALLE TERMİNALİ (ÖZEL) -> ESKİŞEHİR TEPEBAŞI TERMİNALİ -> BİLECİK BOZÜYÜK TERMİNALİ -> İNEGÖL ŞEHİRLER ARASI OTOBÜS TERMİNALİ -> BURSA OSMANGAZİ TERMİNALİ,KAHTA BELEDİYE BAŞKANLIĞI  -> ADIYAMAN MERKEZ TERMİNALİ -> GÖLBAŞI ŞEHİRLER ARASI YOLCU TERMİNALİ -> PAZARCIK -> PAZARCIK BELEDİYESİ ŞEHİERLERARASI OTOBÜS TERMİNALİ PAZARCIK BELEDİYESİ ŞEHİERLERA -> KAHRAMANMARAŞ YOLCU TERMİNALİ -> DÜZİÇİ BELEDİYESİ OTOGARI -> OSMANİYE MERKEZ TERMİNALİ -> CEYHAN OTOGARI -> ADANA SEYHAN TERMİNALİ -> NİĞDE MERKEZ TERMİNALİ (ÖZEL) -> AKSARAY MERKEZ TERMİNALİ -> ANKARA YENİMAHALLE TERMİNALİ (ÖZEL) -> ESKİŞEHİR TEPEBAŞI TERMİNALİ -> BİLECİK BOZÜYÜK TERMİNALİ -> İNEGÖL ŞEHİRLER ARASI OTOBÜS TERMİNALİ -> BURSA OSMANGAZİ TERMİNALİ,1326.0,1.0,2024-08-31,2026-04-14,37547.0,1211.0,1.0,2024-08-14,2026-04-14,43261.0
8763821937113235589,13170034426980671532,1470,2,33,34,"[232, 9684, 1398, 118, 1464, 215, 54, 22102, 180, 209, 95, 59, 2021, 238, 22429, 66, 183, 141, 108, 18916, 9532, 1451, 1031, 110, 158, 62, 98, 186, 17476, 22, 113, 1051, 90]","[232, 9684, 1470, 1398, 118, 1464, 215, 54, 22102, 180, 209, 95, 59, 2021, 238, 22429, 66, 183, 141, 108, 18916, 9532, 1451, 1031, 110, 158, 62, 98, 186, 17476, 22, 113, 1051, 90]",SÜRMENE BELEDİYESİ TERMİNALİ,RİZE MERKEZ TERMİNALİ -> OF BELEDİYE BAŞKANLIĞI -> ARAKLI BELEDİYE TERMİNALİ -> TRABZON ORTAHİSAR TERMİNALİ -> AKÇAABAT BELEDİYE BAŞKANLIĞI -> TRABZON VAKFIKEBİR TERMİNALİ -> TRABZON BEŞİKDÜZÜ TERMİNALİ -> EYNESİL İZİNLİ NOKTA -> GÖRELE TERMİNALİ -> GİRESUN TİREBOLU TERMİNALİ -> GİRESUN MERKEZ TERMİNALİ -> GİRESUN BULANCAK TERMİNALİ -> PİRAZİZ İZİNLİ NOKTA-2 -> ORDU ALTINORDU TERMİNALİ -> PERŞEMBE İZİNLİ NOKTA -> ORDU FATSA TERMİNALİ -> ORDU ÜNYE TERMİNALİ -> TERME ŞEHİRLERARASI OTOBÜS TERMİNALİ -> ÇARŞAMBA ŞEHİRLERARASI OTOBÜS TERMİNALİ  -> TEKKEKÖY İZİNLİ NOKTA -> SAMSUN YUSUF ZİYA YILMAZ ŞEHİRLER ARASI OTOBÜS TERMİNALİ -> SAMSUN KAVAK IZINLI NOKTA -> HAVZA ŞEHİRLERARASI OTOBÜS TERMİNALİ -> MERZİFON ŞEHİRLER ARASI YOLCU TERMİNALİ -> ÇORUM MERKEZ TERMİNALİ -> ÇORUM SUNGURLU TERMİNALİ -> KIRIKKALE OTOBÜS TERMİNALİ -> ANKARA YENİMAHALLE TERMİNALİ (ÖZEL) -> POLATLI İZNLİ  NOKTA -> ESKİŞEHİR TEPEBAŞI TERMİNALİ -> BİLECİK BOZÜYÜK TERMİNALİ -> İNEGÖL ŞEHİRLER ARASI OTOBÜS TERMİNALİ -> BURSA OSMANGAZİ TERMİNALİ,RİZE MERKEZ TERMİNALİ -> OF BELEDİYE BAŞKANLIĞI -> SÜRMENE BELEDİYESİ TERMİNALİ -> ARAKLI BELEDİYE TERMİNALİ -> TRABZON ORTAHİSAR TERMİNALİ -> AKÇAABAT BELEDİYE BAŞKANLIĞI -> TRABZON VAKFIKEBİR TERMİNALİ -> TRABZON BEŞİKDÜZÜ TERMİNALİ -> EYNESİL İZİNLİ NOKTA -> GÖRELE TERMİNALİ -> GİRESUN TİREBOLU TERMİNALİ -> GİRESUN MERKEZ TERMİNALİ -> GİRESUN BULANCAK TERMİNALİ -> PİRAZİZ İZİNLİ NOKTA-2 -> ORDU ALTINORDU TERMİNALİ -> PERŞEMBE İZİNLİ NOKTA -> ORDU FATSA TERMİNALİ -> ORDU ÜNYE TERMİNALİ -> TERME ŞEHİRLERARASI OTOBÜS TERMİNALİ -> ÇARŞAMBA ŞEHİRLERARASI OTOBÜS TERMİNALİ  -> TEKKEKÖY İZİNLİ NOKTA -> SAMSUN YUSUF ZİYA YILMAZ ŞEHİRLER ARASI OTOBÜS TERMİNALİ -> SAMSUN KAVAK IZINLI NOKTA -> HAVZA ŞEHİRLERARASI OTOBÜS TERMİNALİ -> MERZİFON ŞEHİRLER ARASI YOLCU TERMİNALİ -> ÇORUM MERKEZ TERMİNALİ -> ÇORUM SUNGURLU TERMİNALİ -> KIRIKKALE OTOBÜS TERMİNALİ -> ANKARA YENİMAHALLE TERMİNALİ (ÖZEL) -> POLATLI İZNLİ  NOKTA -> ESKİŞEHİR TEPEBAŞI TERMİNALİ -> BİLECİK BOZÜYÜK TERMİNALİ -> İNEGÖL ŞEHİRLER ARASI OTOBÜS TERMİNALİ -> BURSA OSMANGAZİ TERMİNALİ,,,,,,1.0,1.0,2026-03-22,2026-03-22,73.0
16387070240699049516,13223420058170900542,78,2,5,6,"[127, 116, 94, 90, 9]","[127, 116, 78, 94, 90, 9]",İSTANBUL EYÜP-ALİBEYKÖY YOLCU TERMALİ  (ÖZEL),EDİRNE BELEDİYESİ -> BÜYÜK İSTANBUL OTOGARI -> KOCAELİ GEBZE TERMİNALİ -> BURSA OSMANGAZİ TERMİNALİ -> İZMİR BORNOVA TERMİNALİ (ÖZEL),EDİRNE BELEDİYESİ -> BÜYÜK İSTANBUL OTOGARI -> İSTANBUL EYÜP-ALİBEYKÖY YOLCU TERMALİ  (ÖZEL) -> KOCAELİ GEBZE TERMİNALİ -> BURSA OSMANGAZİ TERMİNALİ -> İZMİR BORNOVA TERMİNALİ (ÖZEL),5725.0,1.0,2023-01-10,2025-09-07,293791.0,81.0,1.0,2025-07-07,2025-09-14,2968.0
9833700763712560296,13242333645008486174,62,2,3,4,"[116, 186, 158]","[116, 186, 62, 158]",ÇORUM SUNGURLU TERMİNALİ,BÜYÜK İSTANBUL OTOGARI -> ANKARA YENİMAHALLE TERMİNALİ (ÖZEL) -> ÇORUM MERKEZ TERMİNALİ,BÜYÜK İSTANBUL OTOGARI -> ANKARA YENİMAHALLE TERMİNALİ (ÖZEL) -> ÇORUM SUNGURLU TERMİNALİ -> ÇORUM MERKEZ TERMİNALİ,,,,,,6243.0,1.0,2023-01-01,2026-04-14,151281.0
8352732609696705191,13247425276064188464,26,7,10,11,"[3001, 195, 154, 200, 1, 19, 20, 125, 18796, 22]","[3001, 195, 154, 200, 1, 19, 20, 26, 125, 18796, 22]",AFYONKARAHİSAR SANDIKLI TERMİNALİ,ALANYA İLÇESİ ŞEHİRLERARASI OTOBÜS TERMİNALİ -> ANTALYA MANAVGAT TERMİNALİ (ÖZEL) -> ANTALYA SERİK TERMİNALİ (ÖZEL) -> ANTALYA KEPEZ TERMİNALİ (ÖZEL) -> BURDUR BUCAK TERMİNALİ -> ISPARTA MERKEZ TERMİNALİ -> BURDUR MERKEZ TERMİNALİ -> AFYONKARAHİSAR MERKEZ TERMİNALİ (ÖZEL) -> KÜTAHYA ŞEHİRLERARASI OTOBÜS TERMİNALİ -> ESKİŞEHİR TEPEBAŞI TERMİNALİ,ALANYA İLÇESİ ŞEHİRLERARASI OTOBÜS TERMİNALİ -> ANTALYA MANAVGAT TERMİNALİ (ÖZEL) -> ANTALYA SERİK TERMİNALİ (ÖZEL) -> ANTALYA KEPEZ TERMİNALİ (ÖZEL) -> BURDUR BUCAK TERMİNALİ -> ISPARTA MERKEZ TERMİNALİ -> BURDUR MERKEZ TERMİNALİ -> AFYONKARAHİSAR SANDIKLI TERMİNALİ -> AFYONKARAHİSAR MERKEZ TERMİNALİ (ÖZEL) -> KÜTAHYA ŞEHİRLERARASI OTOBÜS TERMİNALİ -> ESKİŞEHİR TEPEBAŞI TERMİNALİ,34.0,1.0,2025-06-27,2025-07-14,730.0,85.0,1.0,2025-11-06,2026-04-14,3522.0
5416183978332999366,13265490214854328088,144,9,11,12,"[3001, 195, 154, 200, 164, 191, 19786, 192, 139, 168, 171]","[3001, 195, 154, 200, 164, 191, 19786, 192, 139, 144, 168, 171]",MUĞLA YATAĞAN TERMİNALİ,ALANYA İLÇESİ ŞEHİRLERARASI OTOBÜS TERMİNALİ -> ANTALYA MANAVGAT TERMİNALİ (ÖZEL) -> ANTALYA SERİK TERMİNALİ (ÖZEL) -> ANTALYA KEPEZ TERMİNALİ (ÖZEL) -> FETHİYE BELEDİYE BAŞKANLIĞI -> MUĞLA ORTACA TERMİNALİ -> DALAMAN -> MUĞLA KÖYCEĞİZ TERMİNALİ -> MUĞLA MENTEŞE TERMİNALİ -> MUĞLA MİLAS TERMİNALİ -> MUĞLA BODRUM TERMİNALİ,ALANYA İLÇESİ ŞEHİRLERARASI OTOBÜS TERMİNALİ -> ANTALYA MANAVGAT TERMİNALİ (ÖZEL) -> ANTALYA SERİK TERMİNALİ (ÖZEL) -> ANTALYA KEPEZ TERMİNALİ (ÖZEL) -> FETHİYE BELEDİYE BAŞKANLIĞI -> MUĞLA ORTACA TERMİNALİ -> DALAMAN -> MUĞLA KÖYCEĞİZ TERMİNALİ -> MUĞLA MENTEŞE TERMİNALİ -> MUĞLA YATAĞAN TERMİNALİ -> MUĞLA MİLAS TERMİNALİ -> MUĞLA BODRUM TERMİNALİ,2.0,1.0,2023-04-26,2023-12-22,13.0,,,,,
14084448152333337073,13275080235264306363,780,2,3,4,"[116, 1721, 779]","[116, 1721, 780, 779]",TAHRAN,BÜYÜK İSTANBUL OTOGARI -> GÜRBULAK SINIR KAPISI -> TEBRIZ,BÜYÜK İSTANBUL OTOGARI -> GÜRBULAK SINIR KAPISI -> TAHRAN -> TEBRIZ,,,,,,,,,,
16611239048539553752,13307154470688182926,1667,2,3,4,"[186, 6, 44]","[186, 6, 1667, 44]",TARSUS BELEDİYESİ OTOGAR MÜDÜRLÜĞÜ TAŞTİ,ANKARA YENİMAHALLE TERMİNALİ (ÖZEL) -> NİĞDE MERKEZ TERMİNALİ (ÖZEL) -> ADANA SEYHAN TERMİNALİ,ANKARA YENİMAHALLE TERMİNALİ (ÖZEL) -> NİĞDE MERKEZ TERMİNALİ (ÖZEL) -> TARSUS BELEDİYESİ OTOGAR MÜDÜRLÜĞÜ TAŞTİ -> ADANA SEYHAN TERMİNALİ,12.0,1.0,2025-04-06,2026-03-22,467.0,27.0,1.0,2026-03-19,2026-03-25,1206.0
5979418405507045487,13337000760634568948,187,5,6,7,"[184, 36, 147, 149, 148, 57]","[184, 36, 147, 149, 148, 187, 57]",DENİZLİ BULDAN TERMİNALİ,MANİSA ŞEHZADELER TERMİNALİ -> MANİSA TURGUTLU TERMİNALİ (ÖZEL) -> MANİSA SALİHLİ TERMİNALİ -> MANİSA ALAŞEHİR TERMİNALİ -> MANİSA SARIGÖL TERMİNALİ -> DENİZLİ PAMUKKALE TERMİNALİ,MANİSA ŞEHZADELER TERMİNALİ -> MANİSA TURGUTLU TERMİNALİ (ÖZEL) -> MANİSA SALİHLİ TERMİNALİ -> MANİSA ALAŞEHİR TERMİNALİ -> MANİSA SARIGÖL TERMİNALİ -> DENİZLİ BULDAN TERMİNALİ -> DENİZLİ PAMUKKALE TERMİNALİ,220.0,1.0,2024-08-29,2025-03-23,4427.0,,,,,
3847999128508855243,13424544460236312987,4608,4,6,7,"[28, 211, 202, 156, 98, 186]","[28, 211, 202, 156, 4608, 98, 186]",YERKÖY TERMİNALİ,SİVAS MERKEZ TERMİNALİ -> YOZGAT AKDAĞMADENİ TERMİNALİ -> YOZGAT SORGUN TERMİNALİ -> YOZGAT MERKEZ TERMİNALİ -> KIRIKKALE OTOBÜS TERMİNALİ -> ANKARA YENİMAHALLE TERMİNALİ (ÖZEL),SİVAS MERKEZ TERMİNALİ -> YOZGAT AKDAĞMADENİ TERMİNALİ -> YOZGAT SORGUN TERMİNALİ -> YOZGAT MERKEZ TERMİNALİ -> YERKÖY TERMİNALİ -> KIRIKKALE OTOBÜS TERMİNALİ -> ANKARA YENİMAHALLE TERMİNALİ (ÖZEL),2.0,1.0,2025-11-29,2025-11-29,76.0,,,,,
119920624213118801,13522461333965416407,20026,6,9,10,"[9197, 1660, 39, 77, 80, 102, 44, 1667, 115]","[9197, 1660, 39, 77, 80, 102, 20026, 44, 1667, 115]",CEYHAN OTOGARI,MARDİN BÜYÜKŞEHİR BELEDİYE BAŞKANLIĞI OTOBÜS TERMİNALİ -> KIZILTEPE BELEDİYESİ  KIZILTEPE BELEDİYESİ -> ŞANLIURFA VİRANŞEHİR TERMİNALİ (ÖZEL) -> ŞANLIURFA KARAKÖPRÜ TERMİNALİ (ÖZEL) -> GAZİANTEP ŞEHİTKAMİL TERMİNALİ (ÖZEL) -> OSMANİYE MERKEZ TERMİNALİ -> ADANA SEYHAN TERMİNALİ -> TARSUS BELEDİYESİ OTOGAR MÜDÜRLÜĞÜ TAŞTİ -> MERSİN TOROSLAR TERMİNALİ,MARDİN BÜYÜKŞEHİR BELEDİYE BAŞKANLIĞI OTOBÜS TERMİNALİ -> KIZILTEPE BELEDİYESİ  KIZILTEPE BELEDİYESİ -> ŞANLIURFA VİRANŞEHİR TERMİNALİ (ÖZEL) -> ŞANLIURFA KARAKÖPRÜ TERMİNALİ (ÖZEL) -> GAZİANTEP ŞEHİTKAMİL TERMİNALİ (ÖZEL) -> OSMANİYE MERKEZ TERMİNALİ -> CEYHAN OTOGARI -> ADANA SEYHAN TERMİNALİ -> TARSUS BELEDİYESİ OTOGAR MÜDÜRLÜĞÜ TAŞTİ -> MERSİN TOROSLAR TERMİNALİ,98.0,1.0,2024-01-11,2024-06-26,2554.0,170.0,1.0,2025-09-01,2026-04-14,5816.0
13550476380833933507,13561817300374604106,94,2,3,4,"[9, 90, 116]","[9, 90, 94, 116]",KOCAELİ GEBZE TERMİNALİ,İZMİR BORNOVA TERMİNALİ (ÖZEL) -> BURSA OSMANGAZİ TERMİNALİ -> BÜYÜK İSTANBUL OTOGARI,İZMİR BORNOVA TERMİNALİ (ÖZEL) -> BURSA OSMANGAZİ TERMİNALİ -> KOCAELİ GEBZE TERMİNALİ -> BÜYÜK İSTANBUL OTOGARI,3.0,1.0,2024-06-15,2025-03-29,148.0,50.0,1.0,2023-04-15,2023-07-08,1823.0
8930713220563805457,13592858875350037604,120,6,10,11,"[186, 17476, 125, 26, 160, 1014, 19576, 169, 121, 145]","[186, 17476, 125, 26, 160, 1014, 120, 19576, 169, 121, 145]",SARAYKÖY YOLCU TERMİNALİ,ANKARA YENİMAHALLE TERMİNALİ (ÖZEL) -> POLATLI İZNLİ  NOKTA -> AFYONKARAHİSAR MERKEZ TERMİNALİ (ÖZEL) -> AFYONKARAHİSAR SANDIKLI TERMİNALİ -> AFYONKARAHİSAR DİNAR TERMİNALİ -> DENİZLİ BÜYÜKŞEHİR BELEDİYE BAŞKANLIĞI   -> NAZİLLİ YOLCU TERMİNALİ -> AYDIN EFELER TERMİNALİ -> AYDIN SÖKE TERMİNALİ -> AYDIN DİDİM TERMİNALİ,ANKARA YENİMAHALLE TERMİNALİ (ÖZEL) -> POLATLI İZNLİ  NOKTA -> AFYONKARAHİSAR MERKEZ TERMİNALİ (ÖZEL) -> AFYONKARAHİSAR SANDIKLI TERMİNALİ -> AFYONKARAHİSAR DİNAR TERMİNALİ -> DENİZLİ BÜYÜKŞEHİR BELEDİYE BAŞKANLIĞI   -> SARAYKÖY YOLCU TERMİNALİ -> NAZİLLİ YOLCU TERMİNALİ -> AYDIN EFELER TERMİNALİ -> AYDIN SÖKE TERMİNALİ -> AYDIN DİDİM TERMİNALİ,,,,,,2076.0,1.0,2023-01-01,2026-04-14,67691.0
10710385008133192986,13651674007324050585,2593,2,8,9,"[60, 91, 63, 105, 195, 154, 200, 194]","[60, 91, 2593, 63, 105, 195, 154, 200, 194]",NEVŞEHİR - MERKEZ - GÖREME İZİNLİ NOKTA,KAYSERİ BÜYÜKŞEHİR ŞEHİRLERARASI VE İLÇELER OTOGARI -> NEVŞEHİR MERKEZ TERMİNALİ (ÖZEL) -> AKSARAY MERKEZ TERMİNALİ -> KONYA SELÇUKLU TERMİNALİ -> ANTALYA MANAVGAT TERMİNALİ (ÖZEL) -> ANTALYA SERİK TERMİNALİ (ÖZEL) -> ANTALYA KEPEZ TERMİNALİ (ÖZEL) -> ANTALYA KEMER TERMİNALİ (ÖZEL),KAYSERİ BÜYÜKŞEHİR ŞEHİRLERARASI VE İLÇELER OTOGARI -> NEVŞEHİR MERKEZ TERMİNALİ (ÖZEL) -> NEVŞEHİR - MERKEZ - GÖREME İZİNLİ NOKTA -> AKSARAY MERKEZ TERMİNALİ -> KONYA SELÇUKLU TERMİNALİ -> ANTALYA MANAVGAT TERMİNALİ (ÖZEL) -> ANTALYA SERİK TERMİNALİ (ÖZEL) -> ANTALYA KEPEZ TERMİNALİ (ÖZEL) -> ANTALYA KEMER TERMİNALİ (ÖZEL),609.0,1.0,2024-01-16,2025-06-24,17465.0,1062.0,1.0,2023-01-01,2025-07-01,21844.0
4792060466803614200,13782569515516021675,2448,3,6,7,"[1014, 143, 3673, 2413, 3587, 164]","[1014, 143, 3673, 2448, 2413, 3587, 164]",BURDUR ÇAVDIR İZİNLİ NOKTA,DENİZLİ BÜYÜKŞEHİR BELEDİYE BAŞKANLIĞI   -> DENİZLİ ACIPAYAM TERMİNALİ -> BURDUR-GÖLHİSAR İZİNLİ NOKTA -> BURDUR ALTINYAYLA İZİNLİ NOKTA -> MUĞLA SEYDİKEMER İZİNLİ NOKTA -> FETHİYE BELEDİYE BAŞKANLIĞI,DENİZLİ BÜYÜKŞEHİR BELEDİYE BAŞKANLIĞI   -> DENİZLİ ACIPAYAM TERMİNALİ -> BURDUR-GÖLHİSAR İZİNLİ NOKTA -> BURDUR ÇAVDIR İZİNLİ NOKTA -> BURDUR ALTINYAYLA İZİNLİ NOKTA -> MUĞLA SEYDİKEMER İZİNLİ NOKTA -> FETHİYE BELEDİYE BAŞKANLIĞI,11663.0,1.0,2023-01-01,2026-04-14,184112.0,187.0,1.0,2024-05-06,2025-05-11,1006.0
14724431317162137015,13811711882698059958,23,2,5,6,"[186, 7037, 94, 78, 116]","[186, 7037, 23, 94, 78, 116]",KOCAELİ MERKEZ TERMİNALİ,ANKARA YENİMAHALLE TERMİNALİ (ÖZEL) -> SAKARYA BÜYÜKŞEHİR BELEDİYESİ ARİFİYE TERMİNALİ -> KOCAELİ GEBZE TERMİNALİ -> İSTANBUL EYÜP-ALİBEYKÖY YOLCU TERMALİ  (ÖZEL) -> BÜYÜK İSTANBUL OTOGARI,ANKARA YENİMAHALLE TERMİNALİ (ÖZEL) -> SAKARYA BÜYÜKŞEHİR BELEDİYESİ ARİFİYE TERMİNALİ -> KOCAELİ MERKEZ TERMİNALİ -> KOCAELİ GEBZE TERMİNALİ -> İSTANBUL EYÜP-ALİBEYKÖY YOLCU TERMALİ  (ÖZEL) -> BÜYÜK İSTANBUL OTOGARI,,,,,,179.0,2.0,2024-06-13,2026-03-19,4057.0
15541784216356790393,13819670014928595853,13758,5,10,11,"[186, 22, 113, 1051, 90, 136, 1652, 17837, 17836, 111]","[186, 22, 113, 1051, 90, 13758, 136, 1652, 17837, 17836, 111]",SUSURLUK ŞEHİRLERARASI OTOBÜS TERMİNALİ,ANKARA YENİMAHALLE TERMİNALİ (ÖZEL) -> ESKİŞEHİR TEPEBAŞI TERMİNALİ -> BİLECİK BOZÜYÜK TERMİNALİ -> İNEGÖL ŞEHİRLER ARASI OTOBÜS TERMİNALİ -> BURSA OSMANGAZİ TERMİNALİ -> BALIKESİR MERKEZ TERMİNALİ -> EDREMİT ŞEHİRLERARASI OTOBÜS TERMİNALİ -> AKÇAY ŞEHİRLERARASI OTOBÜS TERMİNALİ -> ALTINOLUK ŞEHİRLERARASI OTOBÜS TERMİNALİ -> KÜÇÜKKUYU ŞEHİRLERARASI OTOBÜS TERMİNALİ,ANKARA YENİMAHALLE TERMİNALİ (ÖZEL) -> ESKİŞEHİR TEPEBAŞI TERMİNALİ -> BİLECİK BOZÜYÜK TERMİNALİ -> İNEGÖL ŞEHİRLER ARASI OTOBÜS TERMİNALİ -> BURSA OSMANGAZİ TERMİNALİ -> SUSURLUK ŞEHİRLERARASI OTOBÜS TERMİNALİ -> BALIKESİR MERKEZ TERMİNALİ -> EDREMİT ŞEHİRLERARASI OTOBÜS TERMİNALİ -> AKÇAY ŞEHİRLERARASI OTOBÜS TERMİNALİ -> ALTINOLUK ŞEHİRLERARASI OTOBÜS TERMİNALİ -> KÜÇÜKKUYU ŞEHİRLERARASI OTOBÜS TERMİNALİ,3310.0,1.0,2023-08-01,2026-04-14,110052.0,,,,,
3496721586824843751,13852811833147960717,13757,8,9,10,"[28, 217, 2803, 60, 6, 44, 1667, 115, 99]","[28, 217, 2803, 60, 6, 44, 1667, 115, 13757, 99]",GÜLNAR ŞEHİRLERARASI OTOBÜS TERMİNALİ,SİVAS MERKEZ TERMİNALİ -> SİVAS ŞARKIŞLA TERMİNALİ -> SİVAS GEMEREK İZİNLİ NOKTA -> KAYSERİ BÜYÜKŞEHİR ŞEHİRLERARASI VE İLÇELER OTOGARI -> NİĞDE MERKEZ TERMİNALİ (ÖZEL) -> ADANA SEYHAN TERMİNALİ -> TARSUS BELEDİYESİ OTOGAR MÜDÜRLÜĞÜ TAŞTİ -> MERSİN TOROSLAR TERMİNALİ -> MERSİN SİLİFKE TERMİNALİ,SİVAS MERKEZ TERMİNALİ -> SİVAS ŞARKIŞLA TERMİNALİ -> SİVAS GEMEREK İZİNLİ NOKTA -> KAYSERİ BÜYÜKŞEHİR ŞEHİRLERARASI VE İLÇELER OTOGARI -> NİĞDE MERKEZ TERMİNALİ (ÖZEL) -> ADANA SEYHAN TERMİNALİ -> TARSUS BELEDİYESİ OTOGAR MÜDÜRLÜĞÜ TAŞTİ -> MERSİN TOROSLAR TERMİNALİ -> GÜLNAR ŞEHİRLERARASI OTOBÜS TERMİNALİ -> MERSİN SİLİFKE TERMİNALİ,6288.0,1.0,2023-01-01,2026-04-14,258962.0,800.0,1.0,2023-01-01,2026-03-23,39339.0
1633897648507315784,13973379740682820832,155,3,4,5,"[1030, 7037, 23, 116]","[1030, 7037, 23, 155, 116]",İSTANBUL ÜSKÜDAR TERMİNALİ,KARASU BELEDİYE BAŞKANLIĞI -> SAKARYA BÜYÜKŞEHİR BELEDİYESİ ARİFİYE TERMİNALİ -> KOCAELİ MERKEZ TERMİNALİ -> BÜYÜK İSTANBUL OTOGARI,KARASU BELEDİYE BAŞKANLIĞI -> SAKARYA BÜYÜKŞEHİR BELEDİYESİ ARİFİYE TERMİNALİ -> KOCAELİ MERKEZ TERMİNALİ -> İSTANBUL ÜSKÜDAR TERMİNALİ -> BÜYÜK İSTANBUL OTOGARI,1308.0,1.0,2025-06-03,2025-12-07,33953.0,57.0,1.0,2025-09-11,2025-12-07,1871.0
13275919299996984089,14029326503996464559,1372,2,4,5,"[116, 1712, 10487, 10486]","[116, 1712, 1372, 10487, 10486]",KIRKLARELİ BELEDİYESİ MERKEZ TERMİNALİ,BÜYÜK İSTANBUL OTOGARI -> DEREKÖY SINIR KAPISI -> VARNA -> BURGAS,BÜYÜK İSTANBUL OTOGARI -> DEREKÖY SINIR KAPISI -> KIRKLARELİ BELEDİYESİ MERKEZ TERMİNALİ -> VARNA -> BURGAS,416.0,1.0,2025-05-04,2025-11-14,3687.0,1.0,1.0,2026-03-16,2026-03-16,1.0
5995349908310220508,14036005101064171498,184,1,6,7,"[9, 36, 147, 149, 148, 57]","[9, 184, 36, 147, 149, 148, 57]",MANİSA ŞEHZADELER TERMİNALİ,İZMİR BORNOVA TERMİNALİ (ÖZEL) -> MANİSA TURGUTLU TERMİNALİ (ÖZEL) -> MANİSA SALİHLİ TERMİNALİ -> MANİSA ALAŞEHİR TERMİNALİ -> MANİSA SARIGÖL TERMİNALİ -> DENİZLİ PAMUKKALE TERMİNALİ,İZMİR BORNOVA TERMİNALİ (ÖZEL) -> MANİSA ŞEHZADELER TERMİNALİ -> MANİSA TURGUTLU TERMİNALİ (ÖZEL) -> MANİSA SALİHLİ TERMİNALİ -> MANİSA ALAŞEHİR TERMİNALİ -> MANİSA SARIGÖL TERMİNALİ -> DENİZLİ PAMUKKALE TERMİNALİ,8082.0,1.0,2023-01-01,2025-09-11,165135.0,4109.0,1.0,2023-01-01,2025-09-11,97494.0
13983482203353314718,14119621102014854384,1450,2,4,5,"[31, 1030, 7037, 155]","[31, 1030, 1450, 7037, 155]",SAKARYA FERİZLİ IZINLI NOKTA,SAKARYA KOCAALİ TERMİNALİ -> KARASU BELEDİYE BAŞKANLIĞI -> SAKARYA BÜYÜKŞEHİR BELEDİYESİ ARİFİYE TERMİNALİ -> İSTANBUL ÜSKÜDAR TERMİNALİ,SAKARYA KOCAALİ TERMİNALİ -> KARASU BELEDİYE BAŞKANLIĞI -> SAKARYA FERİZLİ IZINLI NOKTA -> SAKARYA BÜYÜKŞEHİR BELEDİYESİ ARİFİYE TERMİNALİ -> İSTANBUL ÜSKÜDAR TERMİNALİ,4184.0,1.0,2024-04-30,2025-02-27,145496.0,20615.0,1.0,2023-01-01,2026-04-14,697450.0
15360511862846135248,14124054728254858669,18856,7,11,12,"[68, 172, 77, 80, 102, 44, 186, 7037, 23, 94, 116]","[68, 172, 77, 80, 102, 44, 186, 18856, 7037, 23, 94, 116]",DÜZCE ULAŞIM HİZMETLERİ A.Ş. (DÜZCE ŞEHİRLERARASI OTOBÜS TERMİNALİ),DİYARBAKIR / TERMİNALİ -> ŞANLIURFA SİVEREK TERMİNALİ (ÖZEL) -> ŞANLIURFA KARAKÖPRÜ TERMİNALİ (ÖZEL) -> GAZİANTEP ŞEHİTKAMİL TERMİNALİ (ÖZEL) -> OSMANİYE MERKEZ TERMİNALİ -> ADANA SEYHAN TERMİNALİ -> ANKARA YENİMAHALLE TERMİNALİ (ÖZEL) -> SAKARYA BÜYÜKŞEHİR BELEDİYESİ ARİFİYE TERMİNALİ -> KOCAELİ MERKEZ TERMİNALİ -> KOCAELİ GEBZE TERMİNALİ -> BÜYÜK İSTANBUL OTOGARI,DİYARBAKIR / TERMİNALİ -> ŞANLIURFA SİVEREK TERMİNALİ (ÖZEL) -> ŞANLIURFA KARAKÖPRÜ TERMİNALİ (ÖZEL) -> GAZİANTEP ŞEHİTKAMİL TERMİNALİ (ÖZEL) -> OSMANİYE MERKEZ TERMİNALİ -> ADANA SEYHAN TERMİNALİ -> ANKARA YENİMAHALLE TERMİNALİ (ÖZEL) -> DÜZCE ULAŞIM HİZMETLERİ A.Ş. (DÜZCE ŞEHİRLERARASI OTOBÜS TERMİNALİ) -> SAKARYA BÜYÜKŞEHİR BELEDİYESİ ARİFİYE TERMİNALİ -> KOCAELİ MERKEZ TERMİNALİ -> KOCAELİ GEBZE TERMİNALİ -> BÜYÜK İSTANBUL OTOGARI,87.0,1.0,2023-09-12,2023-11-13,3086.0,183.0,1.0,2026-01-03,2026-04-12,6375.0
6023492348407154424,14294683000117100068,1006,8,9,10,"[9, 169, 246, 144, 139, 192, 191, 19786, 164]","[9, 169, 246, 144, 139, 192, 191, 19786, 1006, 164]",KALKAN BELEDİYESİ BAŞKANLIĞI,İZMİR BORNOVA TERMİNALİ (ÖZEL) -> AYDIN EFELER TERMİNALİ -> AYDIN ÇİNE TERMİNALİ -> MUĞLA YATAĞAN TERMİNALİ -> MUĞLA MENTEŞE TERMİNALİ -> MUĞLA KÖYCEĞİZ TERMİNALİ -> MUĞLA ORTACA TERMİNALİ -> DALAMAN -> FETHİYE BELEDİYE BAŞKANLIĞI,İZMİR BORNOVA TERMİNALİ (ÖZEL) -> AYDIN EFELER TERMİNALİ -> AYDIN ÇİNE TERMİNALİ -> MUĞLA YATAĞAN TERMİNALİ -> MUĞLA MENTEŞE TERMİNALİ -> MUĞLA KÖYCEĞİZ TERMİNALİ -> MUĞLA ORTACA TERMİNALİ -> DALAMAN -> KALKAN BELEDİYESİ BAŞKANLIĞI -> FETHİYE BELEDİYE BAŞKANLIĞI,206.0,1.0,2023-01-15,2026-03-23,5884.0,4954.0,1.0,2023-01-01,2026-04-14,202576.0
14618279260377327971,14328154038991185811,55,2,6,7,"[76, 5, 93, 23, 94, 116]","[76, 5, 55, 93, 23, 94, 116]",ERZURUM OTOGAR,DOĞUBAYAZIT BELEDİYE BAŞKANLIĞI -> AĞRI MERKEZ TERMİNALİ -> ERZİNCAN MERKEZ TERMİNALİ (ÖZEL) -> KOCAELİ MERKEZ TERMİNALİ -> KOCAELİ GEBZE TERMİNALİ -> BÜYÜK İSTANBUL OTOGARI,DOĞUBAYAZIT BELEDİYE BAŞKANLIĞI -> AĞRI MERKEZ TERMİNALİ -> ERZURUM OTOGAR -> ERZİNCAN MERKEZ TERMİNALİ (ÖZEL) -> KOCAELİ MERKEZ TERMİNALİ -> KOCAELİ GEBZE TERMİNALİ -> BÜYÜK İSTANBUL OTOGARI,1158.0,1.0,2023-01-02,2024-12-03,17710.0,559.0,1.0,2025-01-05,2026-03-30,10294.0
5111869291867036564,14341640058643552907,17476,5,6,7,"[9, 36, 147, 50, 125, 186]","[9, 36, 147, 50, 125, 17476, 186]",POLATLI İZNLİ  NOKTA,İZMİR BORNOVA TERMİNALİ (ÖZEL) -> MANİSA TURGUTLU TERMİNALİ (ÖZEL) -> MANİSA SALİHLİ TERMİNALİ -> UŞAK MERKEZ TERMİNALİ -> AFYONKARAHİSAR MERKEZ TERMİNALİ (ÖZEL) -> ANKARA YENİMAHALLE TERMİNALİ (ÖZEL),İZMİR BORNOVA TERMİNALİ (ÖZEL) -> MANİSA TURGUTLU TERMİNALİ (ÖZEL) -> MANİSA SALİHLİ TERMİNALİ -> UŞAK MERKEZ TERMİNALİ -> AFYONKARAHİSAR MERKEZ TERMİNALİ (ÖZEL) -> POLATLI İZNLİ  NOKTA -> ANKARA YENİMAHALLE TERMİNALİ (ÖZEL),533.0,2.0,2023-01-12,2026-03-23,16453.0,3850.0,1.0,2023-01-01,2024-08-13,137312.0
14490286759713943342,14473011314112678106,51,1,6,7,"[186, 125, 50, 147, 36, 9]","[186, 51, 125, 50, 147, 36, 9]",ANKARA ÇANKAYA TERMİNALİ (ÖZEL),ANKARA YENİMAHALLE TERMİNALİ (ÖZEL) -> AFYONKARAHİSAR MERKEZ TERMİNALİ (ÖZEL) -> UŞAK MERKEZ TERMİNALİ -> MANİSA SALİHLİ TERMİNALİ -> MANİSA TURGUTLU TERMİNALİ (ÖZEL) -> İZMİR BORNOVA TERMİNALİ (ÖZEL),ANKARA YENİMAHALLE TERMİNALİ (ÖZEL) -> ANKARA ÇANKAYA TERMİNALİ (ÖZEL) -> AFYONKARAHİSAR MERKEZ TERMİNALİ (ÖZEL) -> UŞAK MERKEZ TERMİNALİ -> MANİSA SALİHLİ TERMİNALİ -> MANİSA TURGUTLU TERMİNALİ (ÖZEL) -> İZMİR BORNOVA TERMİNALİ (ÖZEL),,,,,,1217.0,1.0,2024-10-19,2026-03-23,32302.0
16901701056758746089,14635814152134208020,94,2,8,9,"[116, 78, 90, 136, 9, 121, 168, 171]","[116, 78, 94, 90, 136, 9, 121, 168, 171]",KOCAELİ GEBZE TERMİNALİ,BÜYÜK İSTANBUL OTOGARI -> İSTANBUL EYÜP-ALİBEYKÖY YOLCU TERMALİ  (ÖZEL) -> BURSA OSMANGAZİ TERMİNALİ -> BALIKESİR MERKEZ TERMİNALİ -> İZMİR BORNOVA TERMİNALİ (ÖZEL) -> AYDIN SÖKE TERMİNALİ -> MUĞLA MİLAS TERMİNALİ -> MUĞLA BODRUM TERMİNALİ,BÜYÜK İSTANBUL OTOGARI -> İSTANBUL EYÜP-ALİBEYKÖY YOLCU TERMALİ  (ÖZEL) -> KOCAELİ GEBZE TERMİNALİ -> BURSA OSMANGAZİ TERMİNALİ -> BALIKESİR MERKEZ TERMİNALİ -> İZMİR BORNOVA TERMİNALİ (ÖZEL) -> AYDIN SÖKE TERMİNALİ -> MUĞLA MİLAS TERMİNALİ -> MUĞLA BODRUM TERMİNALİ,4255.0,1.0,2023-06-26,2026-04-14,210648.0,4219.0,1.0,2023-01-01,2026-04-14,138821.0
6998733151884096591,14635814152134208020,136,4,8,9,"[116, 78, 94, 90, 9, 121, 168, 171]","[116, 78, 94, 90, 136, 9, 121, 168, 171]",BALIKESİR MERKEZ TERMİNALİ,BÜYÜK İSTANBUL OTOGARI -> İSTANBUL EYÜP-ALİBEYKÖY YOLCU TERMALİ  (ÖZEL) -> KOCAELİ GEBZE TERMİNALİ -> BURSA OSMANGAZİ TERMİNALİ -> İZMİR BORNOVA TERMİNALİ (ÖZEL) -> AYDIN SÖKE TERMİNALİ -> MUĞLA MİLAS TERMİNALİ -> MUĞLA BODRUM TERMİNALİ,BÜYÜK İSTANBUL OTOGARI -> İSTANBUL EYÜP-ALİBEYKÖY YOLCU TERMALİ  (ÖZEL) -> KOCAELİ GEBZE TERMİNALİ -> BURSA OSMANGAZİ TERMİNALİ -> BALIKESİR MERKEZ TERMİNALİ -> İZMİR BORNOVA TERMİNALİ (ÖZEL) -> AYDIN SÖKE TERMİNALİ -> MUĞLA MİLAS TERMİNALİ -> MUĞLA BODRUM TERMİNALİ,92.0,1.0,2023-08-25,2024-05-16,3896.0,4219.0,1.0,2023-01-01,2026-04-14,138821.0
10051105535571260270,14643831390739093966,169,6,7,8,"[3001, 195, 154, 200, 57, 89, 9]","[3001, 195, 154, 200, 57, 89, 169, 9]",AYDIN EFELER TERMİNALİ,ALANYA İLÇESİ ŞEHİRLERARASI OTOBÜS TERMİNALİ -> ANTALYA MANAVGAT TERMİNALİ (ÖZEL) -> ANTALYA SERİK TERMİNALİ (ÖZEL) -> ANTALYA KEPEZ TERMİNALİ (ÖZEL) -> DENİZLİ PAMUKKALE TERMİNALİ -> 89 -> İZMİR BORNOVA TERMİNALİ (ÖZEL),ALANYA İLÇESİ ŞEHİRLERARASI OTOBÜS TERMİNALİ -> ANTALYA MANAVGAT TERMİNALİ (ÖZEL) -> ANTALYA SERİK TERMİNALİ (ÖZEL) -> ANTALYA KEPEZ TERMİNALİ (ÖZEL) -> DENİZLİ PAMUKKALE TERMİNALİ -> 89 -> AYDIN EFELER TERMİNALİ -> İZMİR BORNOVA TERMİNALİ (ÖZEL),218.0,1.0,2023-01-19,2025-04-13,12023.0,74.0,1.0,2023-02-14,2023-05-16,4700.0
14341640058643552907,14661181892234816927,12616,4,7,8,"[9, 36, 147, 50, 125, 17476, 186]","[9, 36, 147, 50, 12616, 125, 17476, 186]",UŞAK-BANAZ,İZMİR BORNOVA TERMİNALİ (ÖZEL) -> MANİSA TURGUTLU TERMİNALİ (ÖZEL) -> MANİSA SALİHLİ TERMİNALİ -> UŞAK MERKEZ TERMİNALİ -> AFYONKARAHİSAR MERKEZ TERMİNALİ (ÖZEL) -> POLATLI İZNLİ  NOKTA -> ANKARA YENİMAHALLE TERMİNALİ (ÖZEL),İZMİR BORNOVA TERMİNALİ (ÖZEL) -> MANİSA TURGUTLU TERMİNALİ (ÖZEL) -> MANİSA SALİHLİ TERMİNALİ -> UŞAK MERKEZ TERMİNALİ -> UŞAK-BANAZ -> AFYONKARAHİSAR MERKEZ TERMİNALİ (ÖZEL) -> POLATLI İZNLİ  NOKTA -> ANKARA YENİMAHALLE TERMİNALİ (ÖZEL),3850.0,1.0,2023-01-01,2024-08-13,137312.0,12037.0,1.0,2023-07-06,2026-04-14,515708.0
11044473843460218561,14668819769735542971,7037,3,5,6,"[116, 94, 23, 1007, 14239]","[116, 94, 23, 7037, 1007, 14239]",SAKARYA BÜYÜKŞEHİR BELEDİYESİ ARİFİYE TERMİNALİ,BÜYÜK İSTANBUL OTOGARI -> KOCAELİ GEBZE TERMİNALİ -> KOCAELİ MERKEZ TERMİNALİ -> ARDAHAN BELEDİYESİ BAŞKANLIĞI -> DAMAL İZİNLİ NOKTA,BÜYÜK İSTANBUL OTOGARI -> KOCAELİ GEBZE TERMİNALİ -> KOCAELİ MERKEZ TERMİNALİ -> SAKARYA BÜYÜKŞEHİR BELEDİYESİ ARİFİYE TERMİNALİ -> ARDAHAN BELEDİYESİ BAŞKANLIĞI -> DAMAL İZİNLİ NOKTA,1063.0,1.0,2024-04-30,2026-03-21,29846.0,,,,,
11242591129809279954,14724431317162137015,78,3,4,5,"[186, 7037, 94, 116]","[186, 7037, 94, 78, 116]",İSTANBUL EYÜP-ALİBEYKÖY YOLCU TERMALİ  (ÖZEL),ANKARA YENİMAHALLE TERMİNALİ (ÖZEL) -> SAKARYA BÜYÜKŞEHİR BELEDİYESİ ARİFİYE TERMİNALİ -> KOCAELİ GEBZE TERMİNALİ -> BÜYÜK İSTANBUL OTOGARI,ANKARA YENİMAHALLE TERMİNALİ (ÖZEL) -> SAKARYA BÜYÜKŞEHİR BELEDİYESİ ARİFİYE TERMİNALİ -> KOCAELİ GEBZE TERMİNALİ -> İSTANBUL EYÜP-ALİBEYKÖY YOLCU TERMALİ  (ÖZEL) -> BÜYÜK İSTANBUL OTOGARI,,,,,,,,,,
14666696576826189590,14782379155459833207,16936,2,3,4,"[116, 1719, 757]","[116, 1719, 16936, 757]",OTOPENİ,BÜYÜK İSTANBUL OTOGARI -> KAPIKULE SINIR KAPISI -> Bükreş,BÜYÜK İSTANBUL OTOGARI -> KAPIKULE SINIR KAPISI -> OTOPENİ -> Bükreş,796.0,1.0,2023-01-02,2026-04-14,12419.0,473.0,1.0,2024-07-09,2026-04-14,7171.0
13495289059900672151,14791126168240168681,22342,3,6,7,"[194, 200, 19, 26, 125, 186]","[194, 200, 19, 22342, 26, 125, 186]",KEÇİBORLU İZİNLİ NOKTA,ANTALYA KEMER TERMİNALİ (ÖZEL) -> ANTALYA KEPEZ TERMİNALİ (ÖZEL) -> ISPARTA MERKEZ TERMİNALİ -> AFYONKARAHİSAR SANDIKLI TERMİNALİ -> AFYONKARAHİSAR MERKEZ TERMİNALİ (ÖZEL) -> ANKARA YENİMAHALLE TERMİNALİ (ÖZEL),ANTALYA KEMER TERMİNALİ (ÖZEL) -> ANTALYA KEPEZ TERMİNALİ (ÖZEL) -> ISPARTA MERKEZ TERMİNALİ -> KEÇİBORLU İZİNLİ NOKTA -> AFYONKARAHİSAR SANDIKLI TERMİNALİ -> AFYONKARAHİSAR MERKEZ TERMİNALİ (ÖZEL) -> ANKARA YENİMAHALLE TERMİNALİ (ÖZEL),,,,,,,,,,
4045131084448815367,15133488366423905114,1051,3,5,6,"[186, 22, 113, 90, 136]","[186, 22, 113, 1051, 90, 136]",İNEGÖL ŞEHİRLER ARASI OTOBÜS TERMİNALİ,ANKARA YENİMAHALLE TERMİNALİ (ÖZEL) -> ESKİŞEHİR TEPEBAŞI TERMİNALİ -> BİLECİK BOZÜYÜK TERMİNALİ -> BURSA OSMANGAZİ TERMİNALİ -> BALIKESİR MERKEZ TERMİNALİ,ANKARA YENİMAHALLE TERMİNALİ (ÖZEL) -> ESKİŞEHİR TEPEBAŞI TERMİNALİ -> BİLECİK BOZÜYÜK TERMİNALİ -> İNEGÖL ŞEHİRLER ARASI OTOBÜS TERMİNALİ -> BURSA OSMANGAZİ TERMİNALİ -> BALIKESİR MERKEZ TERMİNALİ,,,,,,143.0,1.0,2024-06-25,2024-08-19,4060.0
3652432396433462880,15158201035757943611,23178,1,3,4,"[3001, 195, 186]","[3001, 23178, 195, 186]",GAZİPAŞA İZİNLİ NOKTA	,ALANYA İLÇESİ ŞEHİRLERARASI OTOBÜS TERMİNALİ -> ANTALYA MANAVGAT TERMİNALİ (ÖZEL) -> ANKARA YENİMAHALLE TERMİNALİ (ÖZEL),ALANYA İLÇESİ ŞEHİRLERARASI OTOBÜS TERMİNALİ -> GAZİPAŞA İZİNLİ NOKTA	 -> ANTALYA MANAVGAT TERMİNALİ (ÖZEL) -> ANKARA YENİMAHALLE TERMİNALİ (ÖZEL),31.0,2.0,2023-02-20,2025-06-09,576.0,,,,,
4575597471510337641,15172397784841233873,78,6,7,8,"[63, 186, 69, 7037, 23, 94, 116]","[63, 186, 69, 7037, 23, 94, 78, 116]",İSTANBUL EYÜP-ALİBEYKÖY YOLCU TERMALİ  (ÖZEL),AKSARAY MERKEZ TERMİNALİ -> ANKARA YENİMAHALLE TERMİNALİ (ÖZEL) -> BOLU MERKEZ TERMİNALİ (ÖZEL) -> SAKARYA BÜYÜKŞEHİR BELEDİYESİ ARİFİYE TERMİNALİ -> KOCAELİ MERKEZ TERMİNALİ -> KOCAELİ GEBZE TERMİNALİ -> BÜYÜK İSTANBUL OTOGARI,AKSARAY MERKEZ TERMİNALİ -> ANKARA YENİMAHALLE TERMİNALİ (ÖZEL) -> BOLU MERKEZ TERMİNALİ (ÖZEL) -> SAKARYA BÜYÜKŞEHİR BELEDİYESİ ARİFİYE TERMİNALİ -> KOCAELİ MERKEZ TERMİNALİ -> KOCAELİ GEBZE TERMİNALİ -> İSTANBUL EYÜP-ALİBEYKÖY YOLCU TERMALİ  (ÖZEL) -> BÜYÜK İSTANBUL OTOGARI,11279.0,1.0,2023-01-01,2026-04-14,677810.0,,,,,
10349986280754182875,15237623146165949847,20026,5,8,9,"[68, 172, 77, 80, 102, 44, 1667, 115]","[68, 172, 77, 80, 102, 20026, 44, 1667, 115]",CEYHAN OTOGARI,DİYARBAKIR / TERMİNALİ -> ŞANLIURFA SİVEREK TERMİNALİ (ÖZEL) -> ŞANLIURFA KARAKÖPRÜ TERMİNALİ (ÖZEL) -> GAZİANTEP ŞEHİTKAMİL TERMİNALİ (ÖZEL) -> OSMANİYE MERKEZ TERMİNALİ -> ADANA SEYHAN TERMİNALİ -> TARSUS BELEDİYESİ OTOGAR MÜDÜRLÜĞÜ TAŞTİ -> MERSİN TOROSLAR TERMİNALİ,DİYARBAKIR / TERMİNALİ -> ŞANLIURFA SİVEREK TERMİNALİ (ÖZEL) -> ŞANLIURFA KARAKÖPRÜ TERMİNALİ (ÖZEL) -> GAZİANTEP ŞEHİTKAMİL TERMİNALİ (ÖZEL) -> OSMANİYE MERKEZ TERMİNALİ -> CEYHAN OTOGARI -> ADANA SEYHAN TERMİNALİ -> TARSUS BELEDİYESİ OTOGAR MÜDÜRLÜĞÜ TAŞTİ -> MERSİN TOROSLAR TERMİNALİ,57.0,1.0,2026-01-16,2026-04-09,1408.0,164.0,1.0,2025-03-25,2026-03-03,4668.0
463484008468592907,15260372871715283645,133,3,4,5,"[78, 116, 206, 17]","[78, 116, 206, 133, 17]",ÇANAKKALE GELİBOLU TERMİNALİ,İSTANBUL EYÜP-ALİBEYKÖY YOLCU TERMALİ  (ÖZEL) -> BÜYÜK İSTANBUL OTOGARI -> TEKİRDAĞ SÜLEYMANPAŞA TERMİNALİ -> ÇANAKKALE MERKEZ TERMİNALİ (ÖZEL),İSTANBUL EYÜP-ALİBEYKÖY YOLCU TERMALİ  (ÖZEL) -> BÜYÜK İSTANBUL OTOGARI -> TEKİRDAĞ SÜLEYMANPAŞA TERMİNALİ -> ÇANAKKALE GELİBOLU TERMİNALİ -> ÇANAKKALE MERKEZ TERMİNALİ (ÖZEL),1.0,1.0,2026-03-22,2026-03-22,55.0,706.0,1.0,2024-09-27,2026-04-14,27192.0
2333221749525629555,15375610119141751243,190,8,13,14,"[68, 172, 1001, 85, 174, 24048, 19366, 102, 21468, 5028, 29, 20838, 38]","[68, 172, 1001, 85, 174, 24048, 19366, 102, 190, 21468, 5028, 29, 20838, 38]",HATAY KIRIKHAN TERMİNALİ (ÖZEL),DİYARBAKIR / TERMİNALİ -> ŞANLIURFA SİVEREK TERMİNALİ (ÖZEL) -> KAHTA BELEDİYE BAŞKANLIĞI  -> ADIYAMAN MERKEZ TERMİNALİ -> GÖLBAŞI ŞEHİRLER ARASI YOLCU TERMİNALİ -> PAZARCIK -> KAHRAMANMARAŞ YOLCU TERMİNALİ -> OSMANİYE MERKEZ TERMİNALİ -> DÖRTYOL İZİNLİ NOKTA -> PAYAS -> ERZİN ŞEHİRLERARASI OTOB.TERM. -> İskenderun 58/1  İzinli Nokta -> ANTAKYA OTOBÜS TERMİNALİ,DİYARBAKIR / TERMİNALİ -> ŞANLIURFA SİVEREK TERMİNALİ (ÖZEL) -> KAHTA BELEDİYE BAŞKANLIĞI  -> ADIYAMAN MERKEZ TERMİNALİ -> GÖLBAŞI ŞEHİRLER ARASI YOLCU TERMİNALİ -> PAZARCIK -> KAHRAMANMARAŞ YOLCU TERMİNALİ -> OSMANİYE MERKEZ TERMİNALİ -> HATAY KIRIKHAN TERMİNALİ (ÖZEL) -> DÖRTYOL İZİNLİ NOKTA -> PAYAS -> ERZİN ŞEHİRLERARASI OTOB.TERM. -> İskenderun 58/1  İzinli Nokta -> ANTAKYA OTOBÜS TERMİNALİ,,,,,,1461.0,1.0,2024-11-01,2026-04-14,45882.0
17668541734643354395,15380408716424207946,154,6,7,8,"[60, 91, 63, 105, 195, 3001, 200]","[60, 91, 63, 105, 195, 3001, 154, 200]",ANTALYA SERİK TERMİNALİ (ÖZEL),KAYSERİ BÜYÜKŞEHİR ŞEHİRLERARASI VE İLÇELER OTOGARI -> NEVŞEHİR MERKEZ TERMİNALİ (ÖZEL) -> AKSARAY MERKEZ TERMİNALİ -> KONYA SELÇUKLU TERMİNALİ -> ANTALYA MANAVGAT TERMİNALİ (ÖZEL) -> ALANYA İLÇESİ ŞEHİRLERARASI OTOBÜS TERMİNALİ -> ANTALYA KEPEZ TERMİNALİ (ÖZEL),KAYSERİ BÜYÜKŞEHİR ŞEHİRLERARASI VE İLÇELER OTOGARI -> NEVŞEHİR MERKEZ TERMİNALİ (ÖZEL) -> AKSARAY MERKEZ TERMİNALİ -> KONYA SELÇUKLU TERMİNALİ -> ANTALYA MANAVGAT TERMİNALİ (ÖZEL) -> ALANYA İLÇESİ ŞEHİRLERARASI OTOBÜS TERMİNALİ -> ANTALYA SERİK TERMİNALİ (ÖZEL) -> ANTALYA KEPEZ TERMİNALİ (ÖZEL),2751.0,1.0,2023-01-01,2026-04-14,101889.0,2384.0,1.0,2023-01-01,2026-04-14,86321.0
14086263209497274437,15404736816100271567,15016,2,6,7,"[116, 78, 94, 90, 9, 244]","[116, 78, 15016, 94, 90, 9, 244]",DUDULLU İZİNLİ NOKTA,BÜYÜK İSTANBUL OTOGARI -> İSTANBUL EYÜP-ALİBEYKÖY YOLCU TERMALİ  (ÖZEL) -> KOCAELİ GEBZE TERMİNALİ -> BURSA OSMANGAZİ TERMİNALİ -> İZMİR BORNOVA TERMİNALİ (ÖZEL) -> İZMİR ÇEŞME TERMİNALİ,BÜYÜK İSTANBUL OTOGARI -> İSTANBUL EYÜP-ALİBEYKÖY YOLCU TERMALİ  (ÖZEL) -> DUDULLU İZİNLİ NOKTA -> KOCAELİ GEBZE TERMİNALİ -> BURSA OSMANGAZİ TERMİNALİ -> İZMİR BORNOVA TERMİNALİ (ÖZEL) -> İZMİR ÇEŞME TERMİNALİ,,,,,,1272.0,1.0,2025-08-14,2026-04-14,56617.0
13247425276064188464,15435728878994261132,22342,7,11,12,"[3001, 195, 154, 200, 1, 19, 20, 26, 125, 18796, 22]","[3001, 195, 154, 200, 1, 19, 20, 22342, 26, 125, 18796, 22]",KEÇİBORLU İZİNLİ NOKTA,ALANYA İLÇESİ ŞEHİRLERARASI OTOBÜS TERMİNALİ -> ANTALYA MANAVGAT TERMİNALİ (ÖZEL) -> ANTALYA SERİK TERMİNALİ (ÖZEL) -> ANTALYA KEPEZ TERMİNALİ (ÖZEL) -> BURDUR BUCAK TERMİNALİ -> ISPARTA MERKEZ TERMİNALİ -> BURDUR MERKEZ TERMİNALİ -> AFYONKARAHİSAR SANDIKLI TERMİNALİ -> AFYONKARAHİSAR MERKEZ TERMİNALİ (ÖZEL) -> KÜTAHYA ŞEHİRLERARASI OTOBÜS TERMİNALİ -> ESKİŞEHİR TEPEBAŞI TERMİNALİ,ALANYA İLÇESİ ŞEHİRLERARASI OTOBÜS TERMİNALİ -> ANTALYA MANAVGAT TERMİNALİ (ÖZEL) -> ANTALYA SERİK TERMİNALİ (ÖZEL) -> ANTALYA KEPEZ TERMİNALİ (ÖZEL) -> BURDUR BUCAK TERMİNALİ -> ISPARTA MERKEZ TERMİNALİ -> BURDUR MERKEZ TERMİNALİ -> KEÇİBORLU İZİNLİ NOKTA -> AFYONKARAHİSAR SANDIKLI TERMİNALİ -> AFYONKARAHİSAR MERKEZ TERMİNALİ (ÖZEL) -> KÜTAHYA ŞEHİRLERARASI OTOBÜS TERMİNALİ -> ESKİŞEHİR TEPEBAŞI TERMİNALİ,85.0,1.0,2025-11-06,2026-04-14,3522.0,,,,,
6371308398007125358,15539563441226517440,44,3,4,5,"[60, 6, 1667, 115]","[60, 6, 1667, 44, 115]",ADANA SEYHAN TERMİNALİ,KAYSERİ BÜYÜKŞEHİR ŞEHİRLERARASI VE İLÇELER OTOGARI -> NİĞDE MERKEZ TERMİNALİ (ÖZEL) -> TARSUS BELEDİYESİ OTOGAR MÜDÜRLÜĞÜ TAŞTİ -> MERSİN TOROSLAR TERMİNALİ,KAYSERİ BÜYÜKŞEHİR ŞEHİRLERARASI VE İLÇELER OTOGARI -> NİĞDE MERKEZ TERMİNALİ (ÖZEL) -> TARSUS BELEDİYESİ OTOGAR MÜDÜRLÜĞÜ TAŞTİ -> ADANA SEYHAN TERMİNALİ -> MERSİN TOROSLAR TERMİNALİ,2312.0,1.0,2023-01-01,2024-09-29,60977.0,47.0,1.0,2026-01-25,2026-03-31,1534.0
5111869291867036564,15599281609475846283,12017,4,6,7,"[9, 36, 147, 50, 125, 186]","[9, 36, 147, 50, 12017, 125, 186]",BANAZ İZİNLİ NOKTA,İZMİR BORNOVA TERMİNALİ (ÖZEL) -> MANİSA TURGUTLU TERMİNALİ (ÖZEL) -> MANİSA SALİHLİ TERMİNALİ -> UŞAK MERKEZ TERMİNALİ -> AFYONKARAHİSAR MERKEZ TERMİNALİ (ÖZEL) -> ANKARA YENİMAHALLE TERMİNALİ (ÖZEL),İZMİR BORNOVA TERMİNALİ (ÖZEL) -> MANİSA TURGUTLU TERMİNALİ (ÖZEL) -> MANİSA SALİHLİ TERMİNALİ -> UŞAK MERKEZ TERMİNALİ -> BANAZ İZİNLİ NOKTA -> AFYONKARAHİSAR MERKEZ TERMİNALİ (ÖZEL) -> ANKARA YENİMAHALLE TERMİNALİ (ÖZEL),533.0,2.0,2023-01-12,2026-03-23,16453.0,2.0,1.0,2026-01-17,2026-01-30,82.0
817879902966826505,15675190152387329916,20,3,4,5,"[3673, 2448, 22340, 19]","[3673, 2448, 22340, 20, 19]",BURDUR MERKEZ TERMİNALİ,BURDUR-GÖLHİSAR İZİNLİ NOKTA -> BURDUR ÇAVDIR İZİNLİ NOKTA -> TEFENNİ -> ISPARTA MERKEZ TERMİNALİ,BURDUR-GÖLHİSAR İZİNLİ NOKTA -> BURDUR ÇAVDIR İZİNLİ NOKTA -> TEFENNİ -> BURDUR MERKEZ TERMİNALİ -> ISPARTA MERKEZ TERMİNALİ,,,,,,8028.0,1.0,2023-01-01,2026-04-14,76677.0
7386398331400168332,15678299902615314464,4608,6,8,9,"[28, 4757, 211, 4577, 202, 156, 98, 186]","[28, 4757, 211, 4577, 202, 156, 4608, 98, 186]",YERKÖY TERMİNALİ,SİVAS MERKEZ TERMİNALİ -> YILDIZELİ -> YOZGAT AKDAĞMADENİ TERMİNALİ -> SARAYKENT -> YOZGAT SORGUN TERMİNALİ -> YOZGAT MERKEZ TERMİNALİ -> KIRIKKALE OTOBÜS TERMİNALİ -> ANKARA YENİMAHALLE TERMİNALİ (ÖZEL),SİVAS MERKEZ TERMİNALİ -> YILDIZELİ -> YOZGAT AKDAĞMADENİ TERMİNALİ -> SARAYKENT -> YOZGAT SORGUN TERMİNALİ -> YOZGAT MERKEZ TERMİNALİ -> YERKÖY TERMİNALİ -> KIRIKKALE OTOBÜS TERMİNALİ -> ANKARA YENİMAHALLE TERMİNALİ (ÖZEL),556.0,1.0,2023-01-01,2025-03-14,13520.0,2961.0,1.0,2023-01-01,2026-04-14,77501.0
18016049531757117435,15678320845250580878,3416,4,10,11,"[116, 94, 23, 7037, 113, 18796, 125, 26, 160, 57]","[116, 94, 23, 7037, 3416, 113, 18796, 125, 26, 160, 57]",BİLECİK BELEDİYESİ OTOBÜS TERMİNALİ,BÜYÜK İSTANBUL OTOGARI -> KOCAELİ GEBZE TERMİNALİ -> KOCAELİ MERKEZ TERMİNALİ -> SAKARYA BÜYÜKŞEHİR BELEDİYESİ ARİFİYE TERMİNALİ -> BİLECİK BOZÜYÜK TERMİNALİ -> KÜTAHYA ŞEHİRLERARASI OTOBÜS TERMİNALİ -> AFYONKARAHİSAR MERKEZ TERMİNALİ (ÖZEL) -> AFYONKARAHİSAR SANDIKLI TERMİNALİ -> AFYONKARAHİSAR DİNAR TERMİNALİ -> DENİZLİ PAMUKKALE TERMİNALİ,BÜYÜK İSTANBUL OTOGARI -> KOCAELİ GEBZE TERMİNALİ -> KOCAELİ MERKEZ TERMİNALİ -> SAKARYA BÜYÜKŞEHİR BELEDİYESİ ARİFİYE TERMİNALİ -> BİLECİK BELEDİYESİ OTOBÜS TERMİNALİ -> BİLECİK BOZÜYÜK TERMİNALİ -> KÜTAHYA ŞEHİRLERARASI OTOBÜS TERMİNALİ -> AFYONKARAHİSAR MERKEZ TERMİNALİ (ÖZEL) -> AFYONKARAHİSAR SANDIKLI TERMİNALİ -> AFYONKARAHİSAR DİNAR TERMİNALİ -> DENİZLİ PAMUKKALE TERMİNALİ,,,,,,,,,,
16929245644313362965,15707307836727237541,78,1,4,5,"[116, 94, 90, 9]","[116, 78, 94, 90, 9]",İSTANBUL EYÜP-ALİBEYKÖY YOLCU TERMALİ  (ÖZEL),BÜYÜK İSTANBUL OTOGARI -> KOCAELİ GEBZE TERMİNALİ -> BURSA OSMANGAZİ TERMİNALİ -> İZMİR BORNOVA TERMİNALİ (ÖZEL),BÜYÜK İSTANBUL OTOGARI -> İSTANBUL EYÜP-ALİBEYKÖY YOLCU TERMALİ  (ÖZEL) -> KOCAELİ GEBZE TERMİNALİ -> BURSA OSMANGAZİ TERMİNALİ -> İZMİR BORNOVA TERMİNALİ (ÖZEL),5308.0,1.0,2023-01-11,2025-08-26,161589.0,1191.0,4.0,2023-04-19,2026-03-24,48123.0
7142746209996185780,15707307836727237541,94,2,4,5,"[116, 78, 90, 9]","[116, 78, 94, 90, 9]",KOCAELİ GEBZE TERMİNALİ,BÜYÜK İSTANBUL OTOGARI -> İSTANBUL EYÜP-ALİBEYKÖY YOLCU TERMALİ  (ÖZEL) -> BURSA OSMANGAZİ TERMİNALİ -> İZMİR BORNOVA TERMİNALİ (ÖZEL),BÜYÜK İSTANBUL OTOGARI -> İSTANBUL EYÜP-ALİBEYKÖY YOLCU TERMALİ  (ÖZEL) -> KOCAELİ GEBZE TERMİNALİ -> BURSA OSMANGAZİ TERMİNALİ -> İZMİR BORNOVA TERMİNALİ (ÖZEL),1170.0,1.0,2024-06-14,2026-03-30,42574.0,1191.0,4.0,2023-04-19,2026-03-24,48123.0
15870914702175783993,15746326494652648466,15016,2,4,5,"[116, 78, 94, 90]","[116, 78, 15016, 94, 90]",DUDULLU İZİNLİ NOKTA,BÜYÜK İSTANBUL OTOGARI -> İSTANBUL EYÜP-ALİBEYKÖY YOLCU TERMALİ  (ÖZEL) -> KOCAELİ GEBZE TERMİNALİ -> BURSA OSMANGAZİ TERMİNALİ,BÜYÜK İSTANBUL OTOGARI -> İSTANBUL EYÜP-ALİBEYKÖY YOLCU TERMALİ  (ÖZEL) -> DUDULLU İZİNLİ NOKTA -> KOCAELİ GEBZE TERMİNALİ -> BURSA OSMANGAZİ TERMİNALİ,32.0,1.0,2023-04-19,2023-10-26,525.0,1976.0,1.0,2024-03-06,2026-04-13,74956.0
9129516298251820748,15782759511555453383,98,5,6,7,"[80, 19366, 17386, 60, 114, 186]","[80, 19366, 17386, 60, 114, 98, 186]",KIRIKKALE OTOBÜS TERMİNALİ,GAZİANTEP ŞEHİTKAMİL TERMİNALİ (ÖZEL) -> KAHRAMANMARAŞ YOLCU TERMİNALİ -> GÖKSUN BELEDİYESİ -> KAYSERİ BÜYÜKŞEHİR ŞEHİRLERARASI VE İLÇELER OTOGARI -> KIRŞEHİR MERKEZ TERMİNALİ -> ANKARA YENİMAHALLE TERMİNALİ (ÖZEL),GAZİANTEP ŞEHİTKAMİL TERMİNALİ (ÖZEL) -> KAHRAMANMARAŞ YOLCU TERMİNALİ -> GÖKSUN BELEDİYESİ -> KAYSERİ BÜYÜKŞEHİR ŞEHİRLERARASI VE İLÇELER OTOGARI -> KIRŞEHİR MERKEZ TERMİNALİ -> KIRIKKALE OTOBÜS TERMİNALİ -> ANKARA YENİMAHALLE TERMİNALİ (ÖZEL),263.0,1.0,2024-08-01,2024-10-30,4754.0,949.0,3.0,2024-09-05,2026-04-14,22777.0
7385660565189596351,15863798412726675115,154,7,8,9,"[60, 6, 4696, 63, 1960, 105, 195, 200]","[60, 6, 4696, 63, 1960, 105, 195, 154, 200]",ANTALYA SERİK TERMİNALİ (ÖZEL),KAYSERİ BÜYÜKŞEHİR ŞEHİRLERARASI VE İLÇELER OTOGARI -> NİĞDE MERKEZ TERMİNALİ (ÖZEL) -> BOR ŞEHİRLERARASI OTOBÜS TERMİNALİ -> AKSARAY MERKEZ TERMİNALİ -> ALTUNHİSAR -> KONYA SELÇUKLU TERMİNALİ -> ANTALYA MANAVGAT TERMİNALİ (ÖZEL) -> ANTALYA KEPEZ TERMİNALİ (ÖZEL),KAYSERİ BÜYÜKŞEHİR ŞEHİRLERARASI VE İLÇELER OTOGARI -> NİĞDE MERKEZ TERMİNALİ (ÖZEL) -> BOR ŞEHİRLERARASI OTOBÜS TERMİNALİ -> AKSARAY MERKEZ TERMİNALİ -> ALTUNHİSAR -> KONYA SELÇUKLU TERMİNALİ -> ANTALYA MANAVGAT TERMİNALİ (ÖZEL) -> ANTALYA SERİK TERMİNALİ (ÖZEL) -> ANTALYA KEPEZ TERMİNALİ (ÖZEL),947.0,1.0,2023-01-01,2025-09-17,23485.0,1712.0,1.0,2023-01-01,2025-09-18,47237.0
12202570853536482550,15870914702175783993,78,1,3,4,"[116, 94, 90]","[116, 78, 94, 90]",İSTANBUL EYÜP-ALİBEYKÖY YOLCU TERMALİ  (ÖZEL),BÜYÜK İSTANBUL OTOGARI -> KOCAELİ GEBZE TERMİNALİ -> BURSA OSMANGAZİ TERMİNALİ,BÜYÜK İSTANBUL OTOGARI -> İSTANBUL EYÜP-ALİBEYKÖY YOLCU TERMALİ  (ÖZEL) -> KOCAELİ GEBZE TERMİNALİ -> BURSA OSMANGAZİ TERMİNALİ,547.0,1.0,2023-06-23,2025-06-08,13171.0,32.0,1.0,2023-04-19,2023-10-26,525.0
9842044507760064117,15912283930109477313,90,1,2,3,"[116, 200]","[116, 90, 200]",BURSA OSMANGAZİ TERMİNALİ,BÜYÜK İSTANBUL OTOGARI -> ANTALYA KEPEZ TERMİNALİ (ÖZEL),BÜYÜK İSTANBUL OTOGARI -> BURSA OSMANGAZİ TERMİNALİ -> ANTALYA KEPEZ TERMİNALİ (ÖZEL),,,,,,,,,,
16974276004272310115,15959335422125751707,1051,1,3,4,"[90, 22, 186]","[90, 1051, 22, 186]",İNEGÖL ŞEHİRLER ARASI OTOBÜS TERMİNALİ,BURSA OSMANGAZİ TERMİNALİ -> ESKİŞEHİR TEPEBAŞI TERMİNALİ -> ANKARA YENİMAHALLE TERMİNALİ (ÖZEL),BURSA OSMANGAZİ TERMİNALİ -> İNEGÖL ŞEHİRLER ARASI OTOBÜS TERMİNALİ -> ESKİŞEHİR TEPEBAŞI TERMİNALİ -> ANKARA YENİMAHALLE TERMİNALİ (ÖZEL),,,,,,373.0,1.0,2023-01-01,2023-05-27,10962.0
15956027765280462865,16000426781742808617,780,2,3,4,"[118, 1721, 779]","[118, 1721, 780, 779]",TAHRAN,TRABZON ORTAHİSAR TERMİNALİ -> GÜRBULAK SINIR KAPISI -> TEBRIZ,TRABZON ORTAHİSAR TERMİNALİ -> GÜRBULAK SINIR KAPISI -> TAHRAN -> TEBRIZ,,,,,,,,,,
15333164103870043323,16028263749558791696,44,2,4,5,"[80, 102, 63, 186]","[80, 102, 44, 63, 186]",ADANA SEYHAN TERMİNALİ,GAZİANTEP ŞEHİTKAMİL TERMİNALİ (ÖZEL) -> OSMANİYE MERKEZ TERMİNALİ -> AKSARAY MERKEZ TERMİNALİ -> ANKARA YENİMAHALLE TERMİNALİ (ÖZEL),GAZİANTEP ŞEHİTKAMİL TERMİNALİ (ÖZEL) -> OSMANİYE MERKEZ TERMİNALİ -> ADANA SEYHAN TERMİNALİ -> AKSARAY MERKEZ TERMİNALİ -> ANKARA YENİMAHALLE TERMİNALİ (ÖZEL),,,,,,10720.0,2.0,2023-01-01,2026-04-14,427697.0
13334729494405489025,16210827911992530232,681,2,3,4,"[116, 1719, 677]","[116, 1719, 681, 677]",LİNDAU,BÜYÜK İSTANBUL OTOGARI -> KAPIKULE SINIR KAPISI -> MÜNIH,BÜYÜK İSTANBUL OTOGARI -> KAPIKULE SINIR KAPISI -> LİNDAU -> MÜNIH,154.0,1.0,2023-01-06,2026-04-14,2188.0,327.0,1.0,2023-01-04,2026-04-11,942.0
2117630671114149201,16380411293686636718,9532,3,4,5,"[238, 66, 183, 9533]","[238, 66, 183, 9532, 9533]",SAMSUN YUSUF ZİYA YILMAZ ŞEHİRLER ARASI OTOBÜS TERMİNALİ,ORDU ALTINORDU TERMİNALİ -> ORDU FATSA TERMİNALİ -> ORDU ÜNYE TERMİNALİ -> BAFRA ŞEHİRLERARASI OTOBÜS TERMİNALİ,ORDU ALTINORDU TERMİNALİ -> ORDU FATSA TERMİNALİ -> ORDU ÜNYE TERMİNALİ -> SAMSUN YUSUF ZİYA YILMAZ ŞEHİRLER ARASI OTOBÜS TERMİNALİ -> BAFRA ŞEHİRLERARASI OTOBÜS TERMİNALİ,,,,,,1134.0,1.0,2023-01-01,2026-04-14,4911.0
4522608403709362129,16419803710568225921,223,15,20,21,"[116, 78, 5116, 94, 67, 123, 90, 1051, 113, 22, 18796, 12017, 50, 242, 1014, 139, 192, 191, 19786, 164]","[116, 78, 5116, 94, 67, 123, 90, 1051, 113, 22, 18796, 12017, 50, 242, 1014, 223, 139, 192, 191, 19786, 164]",DENİZLİ TAVAS TERMİNALİ,BÜYÜK İSTANBUL OTOGARI -> İSTANBUL EYÜP-ALİBEYKÖY YOLCU TERMALİ  (ÖZEL) -> İSTANBUL-ÜMRANİYE İZİNLİ NOKTA -> KOCAELİ GEBZE TERMİNALİ -> BURSA ORHANGAZİ TERMİNALİ -> BURSA GEMLİK TERMİNALİ -> BURSA OSMANGAZİ TERMİNALİ -> İNEGÖL ŞEHİRLER ARASI OTOBÜS TERMİNALİ -> BİLECİK BOZÜYÜK TERMİNALİ -> ESKİŞEHİR TEPEBAŞI TERMİNALİ -> KÜTAHYA ŞEHİRLERARASI OTOBÜS TERMİNALİ -> BANAZ İZİNLİ NOKTA -> UŞAK MERKEZ TERMİNALİ -> DENİZLİ ÇİVRİL TERMİNALİ -> DENİZLİ BÜYÜKŞEHİR BELEDİYE BAŞKANLIĞI   -> MUĞLA MENTEŞE TERMİNALİ -> MUĞLA KÖYCEĞİZ TERMİNALİ -> MUĞLA ORTACA TERMİNALİ -> DALAMAN -> FETHİYE BELEDİYE BAŞKANLIĞI,BÜYÜK İSTANBUL OTOGARI -> İSTANBUL EYÜP-ALİBEYKÖY YOLCU TERMALİ  (ÖZEL) -> İSTANBUL-ÜMRANİYE İZİNLİ NOKTA -> KOCAELİ GEBZE TERMİNALİ -> BURSA ORHANGAZİ TERMİNALİ -> BURSA GEMLİK TERMİNALİ -> BURSA OSMANGAZİ TERMİNALİ -> İNEGÖL ŞEHİRLER ARASI OTOBÜS TERMİNALİ -> BİLECİK BOZÜYÜK TERMİNALİ -> ESKİŞEHİR TEPEBAŞI TERMİNALİ -> KÜTAHYA ŞEHİRLERARASI OTOBÜS TERMİNALİ -> BANAZ İZİNLİ NOKTA -> UŞAK MERKEZ TERMİNALİ -> DENİZLİ ÇİVRİL TERMİNALİ -> DENİZLİ BÜYÜKŞEHİR BELEDİYE BAŞKANLIĞI   -> DENİZLİ TAVAS TERMİNALİ -> MUĞLA MENTEŞE TERMİNALİ -> MUĞLA KÖYCEĞİZ TERMİNALİ -> MUĞLA ORTACA TERMİNALİ -> DALAMAN -> FETHİYE BELEDİYE BAŞKANLIĞI,,,,,,108.0,1.0,2025-07-14,2025-10-29,6818.0
5343439195319819106,16459522854056820523,62,1,5,6,"[186, 158, 110, 1031, 1453]","[186, 62, 158, 110, 1031, 1453]",ÇORUM SUNGURLU TERMİNALİ,ANKARA YENİMAHALLE TERMİNALİ (ÖZEL) -> ÇORUM MERKEZ TERMİNALİ -> MERZİFON ŞEHİRLER ARASI YOLCU TERMİNALİ -> HAVZA ŞEHİRLERARASI OTOBÜS TERMİNALİ -> SAMSUN VEZİRKÖPRÜ IZINLI NOKTA,ANKARA YENİMAHALLE TERMİNALİ (ÖZEL) -> ÇORUM SUNGURLU TERMİNALİ -> ÇORUM MERKEZ TERMİNALİ -> MERZİFON ŞEHİRLER ARASI YOLCU TERMİNALİ -> HAVZA ŞEHİRLERARASI OTOBÜS TERMİNALİ -> SAMSUN VEZİRKÖPRÜ IZINLI NOKTA,591.0,1.0,2025-06-21,2026-04-14,10586.0,1179.0,1.0,2023-08-05,2025-06-20,15254.0
3750856343888979288,16568609928615288792,6,2,4,5,"[115, 1667, 63, 186]","[115, 1667, 6, 63, 186]",NİĞDE MERKEZ TERMİNALİ (ÖZEL),MERSİN TOROSLAR TERMİNALİ -> TARSUS BELEDİYESİ OTOGAR MÜDÜRLÜĞÜ TAŞTİ -> AKSARAY MERKEZ TERMİNALİ -> ANKARA YENİMAHALLE TERMİNALİ (ÖZEL),MERSİN TOROSLAR TERMİNALİ -> TARSUS BELEDİYESİ OTOGAR MÜDÜRLÜĞÜ TAŞTİ -> NİĞDE MERKEZ TERMİNALİ (ÖZEL) -> AKSARAY MERKEZ TERMİNALİ -> ANKARA YENİMAHALLE TERMİNALİ (ÖZEL),9514.0,6.0,2023-01-01,2026-04-14,256251.0,8307.0,1.0,2023-01-01,2026-04-14,263714.0
17552431200193265393,16786959791674472341,67,3,4,5,"[127, 116, 94, 90]","[127, 116, 94, 67, 90]",BURSA ORHANGAZİ TERMİNALİ,EDİRNE BELEDİYESİ -> BÜYÜK İSTANBUL OTOGARI -> KOCAELİ GEBZE TERMİNALİ -> BURSA OSMANGAZİ TERMİNALİ,EDİRNE BELEDİYESİ -> BÜYÜK İSTANBUL OTOGARI -> KOCAELİ GEBZE TERMİNALİ -> BURSA ORHANGAZİ TERMİNALİ -> BURSA OSMANGAZİ TERMİNALİ,287.0,1.0,2026-01-14,2026-03-14,10024.0,141.0,1.0,2026-03-14,2026-04-14,4642.0
3121132770399226381,16796724901114485346,22638,1,2,3,"[6, 44]","[6, 22638, 44]",BOR ŞEHİRLERARASI OTOBÜS TERMİNALİ,NİĞDE MERKEZ TERMİNALİ (ÖZEL) -> ADANA SEYHAN TERMİNALİ,NİĞDE MERKEZ TERMİNALİ (ÖZEL) -> BOR ŞEHİRLERARASI OTOBÜS TERMİNALİ -> ADANA SEYHAN TERMİNALİ,,,,,,204.0,1.0,2023-03-07,2026-04-10,4728.0
8960932212590771191,16929245644313362965,94,1,3,4,"[116, 90, 9]","[116, 94, 90, 9]",KOCAELİ GEBZE TERMİNALİ,BÜYÜK İSTANBUL OTOGARI -> BURSA OSMANGAZİ TERMİNALİ -> İZMİR BORNOVA TERMİNALİ (ÖZEL),BÜYÜK İSTANBUL OTOGARI -> KOCAELİ GEBZE TERMİNALİ -> BURSA OSMANGAZİ TERMİNALİ -> İZMİR BORNOVA TERMİNALİ (ÖZEL),83.0,1.0,2023-09-27,2025-08-29,2680.0,5308.0,1.0,2023-01-11,2025-08-26,161589.0
13416593976540792156,16959145929634313810,113,1,3,4,"[18796, 1051, 90]","[18796, 113, 1051, 90]",BİLECİK BOZÜYÜK TERMİNALİ,KÜTAHYA ŞEHİRLERARASI OTOBÜS TERMİNALİ -> İNEGÖL ŞEHİRLER ARASI OTOBÜS TERMİNALİ -> BURSA OSMANGAZİ TERMİNALİ,KÜTAHYA ŞEHİRLERARASI OTOBÜS TERMİNALİ -> BİLECİK BOZÜYÜK TERMİNALİ -> İNEGÖL ŞEHİRLER ARASI OTOBÜS TERMİNALİ -> BURSA OSMANGAZİ TERMİNALİ,,,,,,268.0,1.0,2023-12-03,2026-03-23,7540.0
5920718714007795475,16959501612823145731,90,3,7,8,"[116, 78, 94, 184, 9, 169, 19576]","[116, 78, 94, 90, 184, 9, 169, 19576]",BURSA OSMANGAZİ TERMİNALİ,BÜYÜK İSTANBUL OTOGARI -> İSTANBUL EYÜP-ALİBEYKÖY YOLCU TERMALİ  (ÖZEL) -> KOCAELİ GEBZE TERMİNALİ -> MANİSA ŞEHZADELER TERMİNALİ -> İZMİR BORNOVA TERMİNALİ (ÖZEL) -> AYDIN EFELER TERMİNALİ -> NAZİLLİ YOLCU TERMİNALİ,BÜYÜK İSTANBUL OTOGARI -> İSTANBUL EYÜP-ALİBEYKÖY YOLCU TERMALİ  (ÖZEL) -> KOCAELİ GEBZE TERMİNALİ -> BURSA OSMANGAZİ TERMİNALİ -> MANİSA ŞEHZADELER TERMİNALİ -> İZMİR BORNOVA TERMİNALİ (ÖZEL) -> AYDIN EFELER TERMİNALİ -> NAZİLLİ YOLCU TERMİNALİ,487.0,1.0,2025-09-10,2026-04-14,17065.0,78.0,1.0,2026-02-28,2026-04-14,4609.0
7317785115895741116,17068480375460386746,3133,2,3,4,"[240, 206, 116]","[240, 206, 3133, 116]",SİLİVRİ BELEDİYE BAŞKANLIĞI,TEKİRDAĞ ŞARKÖY TERMİNALİ -> TEKİRDAĞ SÜLEYMANPAŞA TERMİNALİ -> BÜYÜK İSTANBUL OTOGARI,TEKİRDAĞ ŞARKÖY TERMİNALİ -> TEKİRDAĞ SÜLEYMANPAŞA TERMİNALİ -> SİLİVRİ BELEDİYE BAŞKANLIĞI -> BÜYÜK İSTANBUL OTOGARI,8616.0,1.0,2023-01-01,2026-04-14,151148.0,918.0,2.0,2025-06-05,2025-09-11,18682.0
1190114685792152464,17169351641710502344,94,1,5,6,"[116, 90, 9, 121, 145]","[116, 94, 90, 9, 121, 145]",KOCAELİ GEBZE TERMİNALİ,BÜYÜK İSTANBUL OTOGARI -> BURSA OSMANGAZİ TERMİNALİ -> İZMİR BORNOVA TERMİNALİ (ÖZEL) -> AYDIN SÖKE TERMİNALİ -> AYDIN DİDİM TERMİNALİ,BÜYÜK İSTANBUL OTOGARI -> KOCAELİ GEBZE TERMİNALİ -> BURSA OSMANGAZİ TERMİNALİ -> İZMİR BORNOVA TERMİNALİ (ÖZEL) -> AYDIN SÖKE TERMİNALİ -> AYDIN DİDİM TERMİNALİ,163.0,1.0,2023-06-21,2024-04-05,3956.0,360.0,1.0,2024-07-28,2025-10-20,13990.0
729046968377538118,17347291917486591737,94,4,8,9,"[7037, 23, 22548, 22549, 75, 67, 123, 90]","[7037, 23, 22548, 22549, 94, 75, 67, 123, 90]",KOCAELİ GEBZE TERMİNALİ,SAKARYA BÜYÜKŞEHİR BELEDİYESİ ARİFİYE TERMİNALİ -> KOCAELİ MERKEZ TERMİNALİ -> GÖLCÜK ŞEHİRLERARASI OTOBÜS TERMİNALİ -> KARAMÜRSEL ŞEHİRLERARASI OTOBÜS TERMİNALİ -> YALOVA MERKEZ TERMİNALİ (ÖZEL) -> BURSA ORHANGAZİ TERMİNALİ -> BURSA GEMLİK TERMİNALİ -> BURSA OSMANGAZİ TERMİNALİ,SAKARYA BÜYÜKŞEHİR BELEDİYESİ ARİFİYE TERMİNALİ -> KOCAELİ MERKEZ TERMİNALİ -> GÖLCÜK ŞEHİRLERARASI OTOBÜS TERMİNALİ -> KARAMÜRSEL ŞEHİRLERARASI OTOBÜS TERMİNALİ -> KOCAELİ GEBZE TERMİNALİ -> YALOVA MERKEZ TERMİNALİ (ÖZEL) -> BURSA ORHANGAZİ TERMİNALİ -> BURSA GEMLİK TERMİNALİ -> BURSA OSMANGAZİ TERMİNALİ,2393.0,1.0,2023-11-17,2025-11-29,40093.0,153.0,1.0,2024-08-25,2026-04-12,3590.0
12700561376502327606,17370019374118259022,125,11,13,14,"[127, 185, 225, 188, 3133, 116, 78, 94, 90, 1051, 18796, 20, 200]","[127, 185, 225, 188, 3133, 116, 78, 94, 90, 1051, 18796, 125, 20, 200]",AFYONKARAHİSAR MERKEZ TERMİNALİ (ÖZEL),EDİRNE BELEDİYESİ -> Babaeski Belediye Terminali -> KIRKLARELİ LÜLEBURGAZ TERMİNALİ -> TEKİRDAĞ ÇORLU TERMİNALİ -> SİLİVRİ BELEDİYE BAŞKANLIĞI -> BÜYÜK İSTANBUL OTOGARI -> İSTANBUL EYÜP-ALİBEYKÖY YOLCU TERMALİ  (ÖZEL) -> KOCAELİ GEBZE TERMİNALİ -> BURSA OSMANGAZİ TERMİNALİ -> İNEGÖL ŞEHİRLER ARASI OTOBÜS TERMİNALİ -> KÜTAHYA ŞEHİRLERARASI OTOBÜS TERMİNALİ -> BURDUR MERKEZ TERMİNALİ -> ANTALYA KEPEZ TERMİNALİ (ÖZEL),EDİRNE BELEDİYESİ -> Babaeski Belediye Terminali -> KIRKLARELİ LÜLEBURGAZ TERMİNALİ -> TEKİRDAĞ ÇORLU TERMİNALİ -> SİLİVRİ BELEDİYE BAŞKANLIĞI -> BÜYÜK İSTANBUL OTOGARI -> İSTANBUL EYÜP-ALİBEYKÖY YOLCU TERMALİ  (ÖZEL) -> KOCAELİ GEBZE TERMİNALİ -> BURSA OSMANGAZİ TERMİNALİ -> İNEGÖL ŞEHİRLER ARASI OTOBÜS TERMİNALİ -> KÜTAHYA ŞEHİRLERARASI OTOBÜS TERMİNALİ -> AFYONKARAHİSAR MERKEZ TERMİNALİ (ÖZEL) -> BURDUR MERKEZ TERMİNALİ -> ANTALYA KEPEZ TERMİNALİ (ÖZEL),516.0,1.0,2025-06-21,2026-04-13,27706.0,128.0,1.0,2025-10-28,2026-04-14,6085.0
8241967707204951159,17393056054265330757,22342,4,14,15,"[200, 1, 20, 19, 26, 125, 18796, 22, 113, 1051, 90, 123, 67, 75]","[200, 1, 20, 19, 22342, 26, 125, 18796, 22, 113, 1051, 90, 123, 67, 75]",KEÇİBORLU İZİNLİ NOKTA,ANTALYA KEPEZ TERMİNALİ (ÖZEL) -> BURDUR BUCAK TERMİNALİ -> BURDUR MERKEZ TERMİNALİ -> ISPARTA MERKEZ TERMİNALİ -> AFYONKARAHİSAR SANDIKLI TERMİNALİ -> AFYONKARAHİSAR MERKEZ TERMİNALİ (ÖZEL) -> KÜTAHYA ŞEHİRLERARASI OTOBÜS TERMİNALİ -> ESKİŞEHİR TEPEBAŞI TERMİNALİ -> BİLECİK BOZÜYÜK TERMİNALİ -> İNEGÖL ŞEHİRLER ARASI OTOBÜS TERMİNALİ -> BURSA OSMANGAZİ TERMİNALİ -> BURSA GEMLİK TERMİNALİ -> BURSA ORHANGAZİ TERMİNALİ -> YALOVA MERKEZ TERMİNALİ (ÖZEL),ANTALYA KEPEZ TERMİNALİ (ÖZEL) -> BURDUR BUCAK TERMİNALİ -> BURDUR MERKEZ TERMİNALİ -> ISPARTA MERKEZ TERMİNALİ -> KEÇİBORLU İZİNLİ NOKTA -> AFYONKARAHİSAR SANDIKLI TERMİNALİ -> AFYONKARAHİSAR MERKEZ TERMİNALİ (ÖZEL) -> KÜTAHYA ŞEHİRLERARASI OTOBÜS TERMİNALİ -> ESKİŞEHİR TEPEBAŞI TERMİNALİ -> BİLECİK BOZÜYÜK TERMİNALİ -> İNEGÖL ŞEHİRLER ARASI OTOBÜS TERMİNALİ -> BURSA OSMANGAZİ TERMİNALİ -> BURSA GEMLİK TERMİNALİ -> BURSA ORHANGAZİ TERMİNALİ -> YALOVA MERKEZ TERMİNALİ (ÖZEL),43.0,1.0,2025-04-07,2026-03-13,3099.0,2913.0,1.0,2023-10-06,2026-04-14,127244.0
11788357165448114823,17462581152867524387,8597,1,2,3,"[1478, 5716]","[1478, 8597, 5716]",YÜKSEKOVA İZİNLİ NOKTA,VAN BÜYÜKŞEHİR BELEDİYESİ ŞEHİRLERARASI OTOBÜS TERMİNALİ -> ŞEMDİNLİ İZİNLİ NOKTA ,VAN BÜYÜKŞEHİR BELEDİYESİ ŞEHİRLERARASI OTOBÜS TERMİNALİ -> YÜKSEKOVA İZİNLİ NOKTA -> ŞEMDİNLİ İZİNLİ NOKTA ,,,,,,,,,,
18073850279168528798,17495625550526016187,78,6,7,8,"[202, 156, 186, 23, 94, 155, 116]","[202, 156, 186, 23, 94, 155, 78, 116]",İSTANBUL EYÜP-ALİBEYKÖY YOLCU TERMALİ  (ÖZEL),YOZGAT SORGUN TERMİNALİ -> YOZGAT MERKEZ TERMİNALİ -> ANKARA YENİMAHALLE TERMİNALİ (ÖZEL) -> KOCAELİ MERKEZ TERMİNALİ -> KOCAELİ GEBZE TERMİNALİ -> İSTANBUL ÜSKÜDAR TERMİNALİ -> BÜYÜK İSTANBUL OTOGARI,YOZGAT SORGUN TERMİNALİ -> YOZGAT MERKEZ TERMİNALİ -> ANKARA YENİMAHALLE TERMİNALİ (ÖZEL) -> KOCAELİ MERKEZ TERMİNALİ -> KOCAELİ GEBZE TERMİNALİ -> İSTANBUL ÜSKÜDAR TERMİNALİ -> İSTANBUL EYÜP-ALİBEYKÖY YOLCU TERMALİ  (ÖZEL) -> BÜYÜK İSTANBUL OTOGARI,,,,,,,,,,
14946060804173761163,17507254006650635629,23,1,2,3,"[7037, 116]","[7037, 23, 116]",KOCAELİ MERKEZ TERMİNALİ,SAKARYA BÜYÜKŞEHİR BELEDİYESİ ARİFİYE TERMİNALİ -> BÜYÜK İSTANBUL OTOGARI,SAKARYA BÜYÜKŞEHİR BELEDİYESİ ARİFİYE TERMİNALİ -> KOCAELİ MERKEZ TERMİNALİ -> BÜYÜK İSTANBUL OTOGARI,3532.0,1.0,2024-11-20,2026-04-14,75877.0,3.0,1.0,2025-09-21,2025-09-28,52.0
1314179854368564007,17616786885280112249,44,4,5,6,"[105, 20148, 20119, 1667, 115]","[105, 20148, 20119, 1667, 44, 115]",ADANA SEYHAN TERMİNALİ,KONYA SELÇUKLU TERMİNALİ -> KARAPINAR -> EREĞLİ -> TARSUS BELEDİYESİ OTOGAR MÜDÜRLÜĞÜ TAŞTİ -> MERSİN TOROSLAR TERMİNALİ,KONYA SELÇUKLU TERMİNALİ -> KARAPINAR -> EREĞLİ -> TARSUS BELEDİYESİ OTOGAR MÜDÜRLÜĞÜ TAŞTİ -> ADANA SEYHAN TERMİNALİ -> MERSİN TOROSLAR TERMİNALİ,3.0,1.0,2025-09-05,2026-01-26,21.0,,,,,
3750856343888979288,17644852862564389622,44,2,4,5,"[115, 1667, 63, 186]","[115, 1667, 44, 63, 186]",ADANA SEYHAN TERMİNALİ,MERSİN TOROSLAR TERMİNALİ -> TARSUS BELEDİYESİ OTOGAR MÜDÜRLÜĞÜ TAŞTİ -> AKSARAY MERKEZ TERMİNALİ -> ANKARA YENİMAHALLE TERMİNALİ (ÖZEL),MERSİN TOROSLAR TERMİNALİ -> TARSUS BELEDİYESİ OTOGAR MÜDÜRLÜĞÜ TAŞTİ -> ADANA SEYHAN TERMİNALİ -> AKSARAY MERKEZ TERMİNALİ -> ANKARA YENİMAHALLE TERMİNALİ (ÖZEL),9514.0,6.0,2023-01-01,2026-04-14,256251.0,,,,,
8399855775320768619,18001564036487112888,94,2,4,5,"[186, 23, 155, 116]","[186, 23, 94, 155, 116]",KOCAELİ GEBZE TERMİNALİ,ANKARA YENİMAHALLE TERMİNALİ (ÖZEL) -> KOCAELİ MERKEZ TERMİNALİ -> İSTANBUL ÜSKÜDAR TERMİNALİ -> BÜYÜK İSTANBUL OTOGARI,ANKARA YENİMAHALLE TERMİNALİ (ÖZEL) -> KOCAELİ MERKEZ TERMİNALİ -> KOCAELİ GEBZE TERMİNALİ -> İSTANBUL ÜSKÜDAR TERMİNALİ -> BÜYÜK İSTANBUL OTOGARI,,,,,,8.0,1.0,2023-11-17,2026-02-17,148.0
8957374535786019596,18111583870771504482,45,4,5,6,"[60, 6, 20026, 44, 102]","[60, 6, 20026, 44, 45, 102]",,KAYSERİ BÜYÜKŞEHİR ŞEHİRLERARASI VE İLÇELER OTOGARI -> NİĞDE MERKEZ TERMİNALİ (ÖZEL) -> CEYHAN OTOGARI -> ADANA SEYHAN TERMİNALİ -> OSMANİYE MERKEZ TERMİNALİ,KAYSERİ BÜYÜKŞEHİR ŞEHİRLERARASI VE İLÇELER OTOGARI -> NİĞDE MERKEZ TERMİNALİ (ÖZEL) -> CEYHAN OTOGARI -> ADANA SEYHAN TERMİNALİ -> 45 -> OSMANİYE MERKEZ TERMİNALİ,14.0,1.0,2026-03-08,2026-03-31,367.0,1597.0,1.0,2023-01-01,2026-04-14,48028.0
14439136279946488244,18143285518691194441,98,5,6,7,"[46, 1420, 17386, 60, 114, 186]","[46, 1420, 17386, 60, 114, 98, 186]",KIRIKKALE OTOBÜS TERMİNALİ,ELBİSTAN BELEDİYESİ OTOBÜS TERMİNALİ -> 1420 -> GÖKSUN BELEDİYESİ -> KAYSERİ BÜYÜKŞEHİR ŞEHİRLERARASI VE İLÇELER OTOGARI -> KIRŞEHİR MERKEZ TERMİNALİ -> ANKARA YENİMAHALLE TERMİNALİ (ÖZEL),ELBİSTAN BELEDİYESİ OTOBÜS TERMİNALİ -> 1420 -> GÖKSUN BELEDİYESİ -> KAYSERİ BÜYÜKŞEHİR ŞEHİRLERARASI VE İLÇELER OTOGARI -> KIRŞEHİR MERKEZ TERMİNALİ -> KIRIKKALE OTOBÜS TERMİNALİ -> ANKARA YENİMAHALLE TERMİNALİ (ÖZEL),2463.0,1.0,2023-01-01,2026-04-14,58881.0,2317.0,1.0,2023-01-20,2026-04-14,81200.0
2008414586658935453,18237363543982569596,1660,1,2,3,"[4697, 68]","[4697, 1660, 68]",KIZILTEPE BELEDİYESİ  KIZILTEPE BELEDİYESİ,NUSAYBİN -> DİYARBAKIR / TERMİNALİ,NUSAYBİN -> KIZILTEPE BELEDİYESİ  KIZILTEPE BELEDİYESİ -> DİYARBAKIR / TERMİNALİ,341.0,1.0,2024-09-22,2025-03-25,601.0,429.0,1.0,2025-04-18,2026-04-12,744.0
7895172431355883928,18396026172419019787,14686,8,13,14,"[171, 168, 144, 139, 192, 191, 19786, 164, 3002, 200, 154, 195, 3001]","[171, 168, 144, 139, 192, 191, 19786, 164, 14686, 3002, 200, 154, 195, 3001]",ÇAVDIR İZİNLİ NOKTA,MUĞLA BODRUM TERMİNALİ -> MUĞLA MİLAS TERMİNALİ -> MUĞLA YATAĞAN TERMİNALİ -> MUĞLA MENTEŞE TERMİNALİ -> MUĞLA KÖYCEĞİZ TERMİNALİ -> MUĞLA ORTACA TERMİNALİ -> DALAMAN -> FETHİYE BELEDİYE BAŞKANLIĞI -> ANTALYA KORKUTELİ TERMİNALİ -> ANTALYA KEPEZ TERMİNALİ (ÖZEL) -> ANTALYA SERİK TERMİNALİ (ÖZEL) -> ANTALYA MANAVGAT TERMİNALİ (ÖZEL) -> ALANYA İLÇESİ ŞEHİRLERARASI OTOBÜS TERMİNALİ,MUĞLA BODRUM TERMİNALİ -> MUĞLA MİLAS TERMİNALİ -> MUĞLA YATAĞAN TERMİNALİ -> MUĞLA MENTEŞE TERMİNALİ -> MUĞLA KÖYCEĞİZ TERMİNALİ -> MUĞLA ORTACA TERMİNALİ -> DALAMAN -> FETHİYE BELEDİYE BAŞKANLIĞI -> ÇAVDIR İZİNLİ NOKTA -> ANTALYA KORKUTELİ TERMİNALİ -> ANTALYA KEPEZ TERMİNALİ (ÖZEL) -> ANTALYA SERİK TERMİNALİ (ÖZEL) -> ANTALYA MANAVGAT TERMİNALİ (ÖZEL) -> ALANYA İLÇESİ ŞEHİRLERARASI OTOBÜS TERMİNALİ,,,,,,1094.0,1.0,2023-01-06,2026-04-14,35082.0
